Id,Title,Book id,Number of preface,Writer of preface,Role in book production,Preface title,Notes on preface
Preface001,Abhandlung von der Freiheit des Menschen,book001,2,"אלכסנדר, יצחק",author,Einleitung,
Preface002,Akten-Stücke die Reform der Jüdischen Kolonieen in den Preußischen Staaten betreffend,book003,0,"פרידלענדר, דוד","author,editor",Einleitung,Einleitung
Preface003,Anfangsgründe der Newtonischen Philosophie,book006,1,"Maimon, Salomon","author,translator",Vorrede,
Preface004,Apologie der Menschenrechte oder philosophisch kritische Beleuchtung der Schrift,book008,1,"הירשל, משה",author,Vorrede,
Preface005,Apologie des juifs en réponse à la question,book009,0,"הורביץ, זלקינד",author,Preface,"בהקדמתו מודה זלקינד-הורביץ לאקדמיה של מץ על שהעניקה לו, יחד עם גרגואר ותיירי, פרס על תשובתו לשאלה שהציגה."
Preface006,Appel à la justice des nations et des rois,book010,0,"בר, מיכאל",author,Preface,
Preface007,Aufsätze verschiedenen Inhalts,book011,1,"בנדוד, לצרוס",author,Vorrede,
Preface008,Beyträge zur Kritik des Geschmacks,book017,1,"Bendavid, Lazarus",author,Vorrede,Widmung im März 1797 abgefaßt.
Preface009,Der Prediger,book024,1,"פרידלענדר, דוד",,Vorrede,
Preface010,Die Juden Oder Die nothwendige Reformation der Juden in der Republik Polen,book027,0,"אקורד, אליהו","author,translator",Vorrede,
Preface011,Die Moseide in achtzehn Gesängen,book029,0,"וייזל, נפתלי הרץ",author,"Vorrede des Verfassers zur teutschen Ausgabe der Moseide,Vorrede nach dem Hebräischen",
Preface012,Entwurf einer Geschichte der Armen und Armenanstalten,book040,0,"פרידענדר, מיכאל",author,Vorbericht,
Preface013,Etwas zur Charackteristick der Juden,book042,1,"Bendavid, Lazarus",author,Vorrede,
Preface014,Gebete der hochdeutschen und polnischen Juden,book045,1,"אייכל, יצחק","translator,commentator,editor",Vorrede,
Preface015,Gesammelte Actenstücke und öffentliche Verhandlungen über die Verbesserung der Juden in Frankreich 1,book046,0,,editor,Vorwort,
Preface016,Geschichte der Juden von ihrer Rückkehr aus der babylonischen Gefangenschaft bis zur Zerstörung des zweyten Tempels,book047,0,"בער, פרץ",author,Vorrede,"Hinweis auf seine Bücher תולדות ישראל
und Kelch des Heils
Ausführliche Verteidigung der Benutzung der deutschen Sprache und deutschen Lettern für das vorliegende Buch"
Preface017,Gründlicher Unterricht in der Jüdischdeutschen Schreibart,book050,0,,,Einleitung,
Preface018,Hinterlassene Gedichte 1,book052,1,,editor,Vorrede,
Preface019,Hinterlassene Gedichte 1,book052,2,"קוה, אפרים",author,Einleitung,
Preface020,Israelitischer Kinderfreund Oder Handbuch der gemeinnützigsten wissenschaftlichen Kenntnisse,book055,1,"בוק, משה (בן) צבי",author,Vorrede: בהקדמה מתאר בוק את מטרות הספר וקהל היעד שלו.,
Preface021,"Jeschurun, oder unparteyische Beleuchtung der dem Judenthume neuerdings gemachten Vorwürfe",book058,0,"וולפסון, אהרון",author,Statt einer Vorrede,"הקדמה בצורת שיר מתוך כתבי גלרט 
Gellert"
Preface022,Letters on the present state of the Jewish poor in the metropolis,book066,0,"ונאובן, יהושע",author,Preface,
Preface023,Moses Mendelssohns Morgenstunden oder Vorlesungen über das Daseyn Gottes,book071,0,"מנדלסון, משה",author,Vorbericht,"בהקדמתו מספר מנדלסון על מחלת העצבים שמנע ממנו במשך שנים רבות להתעדכן בחידושים בתחום הפילוסופיה, מהם מסתייג במידה רבה ומצהיר כי הינו משתייך לאסכולה ישנה יותר.
הוא מתאר כיצד נולד החיבור הזה ומביע את כוונתו לפרסם חלק ב'."
Preface024,Nahum neu übersetzt und mit Anmerkungen versehen,book076,1,"נוימן, ישראל משה",author,Einleitung,
Preface025,Predigt des Herrn Oberabbiners Rabbi Salomon Kohn,book080,0,"כהן, משלם זלמן בן שלמה",author,פתיחה / Eingang,"דברי הפתיחה:

""כתיב (מלכים א' ח' כ""ב) ויעמוד שלמה לפני מזבח ה', נגד כל קהל ישראל, ויפרוש כפיו השמים. ומבואר שם, שנתן הודיה על חסד האל על העבר, והתפלל על העתיד. כן אנכי עומד לפני ארון ה', נגד כל קהל ישראל, ליתן שבח והודיה לאל יתברך ויתעלה, על חסדו הגדול העבר, שנתן שלום בארץ, ולהתפלל על אדוננו המלך יר""ה, ועל כל בית מלכותו, על העתיד, לטוב להם כל הימים."""
Preface026,Salomo und Joseph II.,book094,1,"אלכסנדר, יצחק",author,Einleitung,
Preface027,Salomon Maimon's Lebensgeschichte 1,book095,0,"מוריץ, קרל פיליף",editor,Vorbericht des Herausgebers,
Preface028,Salomon Maimon's Lebensgeschichte 1,book095,0,"מימון, שלמה",author,Einleitung,
Preface029,Salomon Maimon's Lebensgeschichte 2,book096,0,"Maimon, Salomon",author,Vorrede,
Preface030,Salomon Maimon's Lebensgeschichte 2,book096,0,"Maimon, Salomon",author,Einleitung,
Preface031,"Sammlung der Schriften an die Nationalversammlung, die Juden und ihre bürgerliche Verbesserung betreffend",book097,1,"בנדוד, לצרוס",translator,Nachricht,
Preface032,Schreiben eines deutschen Juden an den amerikanischen Präsidenten O.,book098,1,אנונימי,author,Moses Mendelsohn an Isak Tr.--n,
Preface033,Statuten der neuen Beerdigungs-Anstalt der Jüdischen Nation in Hamburg,book102,0,אנונימי,"author,editor",Vorwort,
Preface034,Ueber die Verbesserung des Judenthums,book107,0,"Henle, Elkan",author,Vorerinnerung,
Preface035,Ueber die bürgerliche Verbesserung der Juden,book109,0,"Davidson, Wolf",author,Vorrede,
Preface036,Von dem Daseyn Gottes die selbst redende Vernunft,book114,1,"אלכסנדר, יצחק",author,Werthester Leser,
Preface037,Wahrheiten zur göttlichen Weisheit,book116,1,"אלכסנדר, יצחק",author,Vorrede,
Preface038,"Zaphnath-Paneach Oder Sammlung moralischer Lehren, Sprüche, Erzählungen und Gedichte, aus dem Talmud und andern heiligen Schriften",book118,0,"Schott, Benedict","author,editor",Vorrede,
Preface039,Zwölf Fragen,book120,0,"הרץ, הומברג",,Vorbericht,
Preface040,אבטליון,book122,1,"Wolfsohn-Halle, Aron",author,,
Preface041,אבטליון,book122,2,"Friedländer, David",,,
Preface042,אגדת ארבע כוסות,book124,1,"Pappenheimer, Salomon Seligmann",author,דברי המחבר,
Preface043,אגדת ארבע כוסות,book124,2,מלאכת שבא,,,
Preface044,אגרות,book125,0,"לוי, אביגדור",editor,הקדמה,"בהקדמה מסביר אביגדור לוי מה היו המניעים לפרסום המכתבים. ""האמות השלמות, וביחוד האמה הנוצרי', אשר הגדילה לעשות בכל חכמה מחקרית, ועשות בה ספרים עד אין קץ, לבקש במטמונים ולחפש בנרות, ולקבץ בזרוע את אגרות גדולי חכמיהם, אשר כתבו והריצו למכיריהם רעיהם ותלמידיהם, ומהן, יוציאו לאור צדק חכמיהם, ומשפטם כצהרים; בשהן מגלות הנסתרות ותעלומות לבבם, יותר מכל מעשיהם וחבוריהם הנגלות לנו ולבנינו... האגרות אשר כתבו בקרן זוית בירכתי ביתם... ודאי ממעמקי הלב באו הדברים שבתוכן, ונוזלים ממקור האמת... למה נהיה אנחנו אחרוני' להשיב ולקבץ נפוצותיהן [של אגרות מנדלסון]? חרפה היא לנו, שיקדימונו זולתינו, לעשות זכר עולם לגבר יולד לנו ואיש נתן לנו, ותהי המשרה על שכמו!... והלא מרבית החכמים והשלמים, היא עטרת תפארת להעם שנולדו בו..."""
Preface045,אגרת אדר היקר,book126,0,"סטנוב, יצחק",author,הקדמת אדר היקר,"בהקדמה מספר סטנוב על תשוקתו ""לעיון"", שבגללה הגיע לברלין. אך כאן תחילה לא הכיר אנשים ולא הצליח להגשים את רצונותיו, ולכן החליט לפרסם את ספרו זה."
Preface046,אגרת ארחות עולם,book127,1,"Landau, Israel",editor,הקדמה קטנה מן המביא דברי אלה לבית הדפוס,"המחבר בדברי פתיחה (תחת הכותרת ""שלמי תודה"") מדבר על ""תורת אדם"" ומציין כי ""מיום שאבדנו האורים והתומים תורה זו מעינינו נעלמים ומה שנמצאים לפעמים אין לנו שלמים, ורובים ככולם נמסרים לחכמי העמים. המה מאלמים אלומים, עניינו אילנות וסמים, צמיחות עשבות ובשמים, נטיעות שדות וכרמים, מקור נהרות וימים, חלוקות ארץ ואקלימים..."""
Preface047,אגרת הראשון לחנך לנער בכתב ולשון,book129,,,,,"בדפים ה'-ו' מתואר ההקשר שבו נכתבה האגרת - סיפורו הטראגי של כותב האגרת (ראו הרחבה בשדה ""הערות"")."
Preface048,אהבת ציון,book130,0,"Dubno, Salomon",editor,ספורי ארץ הקדושה,
Preface049,אוצר השרשים א,book131,1,"Ben Seew, Juda Löb",author,"""הקדמה"" עמ' [9-3]: בן-זאב מספר את קורות חייו בעיירה בפולין, הנישואין שלו בגיל שלוש עשרה, ועל המשיכה שלו בהסתר לספרים עבריים. הוא נדד מערבה בשל קשיים ביחסים עם אשתו וחותניו, ובשל קשיי פרנסה. כשהגיע לברלין נחשף לחוכמות והחל להוציא ספרים, ומדי פעם חזר לביתו, ולבסוף התגרש מאישתו, ועבר לווינה, שם הוציא לאור את מסלת הלמוד. הוא מספר שחלה אז מאוד בחולי המעיים, ואז נדר שאת ייתר שנותיו יבלה בהוצאת ספרים. אחר כך מתאר בן זאב את חשיבות ספרו העוסק בדקדוק עברי, שכן ישנם רק ספרים מעטים וישנים שעסקו בכך.","""הצעה"", עמ' [17-10]:
בן זאב סוקר את התפתחות הלשון העברית מראשיתה ועד ימיו. הוא מדבר על פריחת העברית בתקופת חייו של מנדלסון, ומצר על שקיעתה ועל השינוי שחל בחינוך היהודי מאז מותו של מנדלסון."
Preface050,אוצר השרשים ג,book133,1,"Ben Seew, Juda Löb",author,"""הקדמה"", דפים [ג'-ד']: בהקדמה מסביר בן זאב את סיבת חיבור המילון הגרמני-עברי הזה: ""לא חברתי החבור הזה לבעלי לשון דוברי צחות וכותבי מליצה, כי המה ימצאו חלקם בחלק הראשון, המתחקה על שרשי לשון עברית, אפס להמון עם, שכותבים שטרי הדיוטות, וכוח להם למצוא מלות כדי ספקם..."" (דף [ג'])",
Preface051,"אור אסתר oder Beleuchtung der im Talmud von Babylon und Jerusalem, in den Targumim und Midraschim vorkommenden fremden besonders lateinischen Wörter",book134,0,"Bondi, Mardochai",author,Vorrede,
Preface052,"אור אסתר oder Beleuchtung der im Talmud von Babylon und Jerusalem, in den Targumim und Midraschim vorkommenden fremden besonders lateinischen Wörter",book134,0,"Bondi, Simon",author,הקדמה,
Preface053,"אור אסתר oder Beleuchtung der im Talmud von Babylon und Jerusalem, in den Targumim und Midraschim vorkommenden fremden besonders lateinischen Wörter",book134,0,Israelitische Haupt- und Freischule zu Deßaus,editor,Vorrede der Herausgeber,
Preface054,אמרי שפר,book148,,"Homberg, Herz",author,מבוא/איינלייטונג,
Preface055,באור מלות ההגיון,book153,0,"הקלירי, שמשון",editor,הקדמה,
Preface056,בית האוסף,book154,,,,,"דפים ב'-ד': דיון על מבנה שם עצם פרטי וכללי בעברית, והשוואה שלה לשפות אירופאיות מודרניות אחרות"
Preface057,בית הספר א,book155,,"Ben Seew, Juda Löb",author,הקדמה,"בן-זאב כותב כי החליט לכתוב ספר זה בשל מחסור הקיים בספרים מסוג זה. הוא מבקר את אופן לימוד העברית המסורתי שנעשה תוך הפעלת אלימות כלפי ילדים וגם אינו נעשה באופן יסודי. הוא מתאר את סדר לימוד העברית הנכון בעיניו, ומציג את סיפרו כתואם סדר לימוד זה. הוא מציג את אחת ממטרות המקראה להורות את הילדים ""תולדות אבותנו... יסודי הדת ועמודי האמונה"", ומציין כי הוא הולך בכך בעקבות אבטליון לוולפסון-האלה. כמו כן, המקראה מחנכת לדבריו להתנהגות מוסרית של הבן להוריו ולמוריו. בן-זאב חותם את המקראה באמירה שאם החיבור ימצא חן בעיני הקוראים, הוא יוציא מקראה נוספת שתעסוק ב""למודי מוסר והנהגות יושר וספורים וענינים נעימים לנפש נער משכיל, אשר עלה ממדרגת הקריאה אל מעלת הלמוד"" (עמ' 3, מיספור שלי)"
Preface058,בית הספר ב,book156,,"Ben Seew, Juda Löb",,הקדמה,"בן-זאב מציג את למודי המישרים כחלק ב' של מסלת הלמוד וכספר משלים לו שנועד לנערים, בעוד החלק הראשון נועד לילדים קטנים יותר. מטרת הספר לדבריו היא להכשיר את נפש הנער לחכמה ולמוסר: להתנהגות מוסרית, לידע, וליריאת ה'. המחבר פונה למורי התלמידים וטעון כי עדיף לחנך את הנער על ידי דברים שימשכו את ליבו: א) מליצה - ולכן שילב בחיבורו שירים. והוא מציין את וייזל, נפתלי הרץ וטוען שהוא הולך בדרכו ביחס לערך החינוכי של השיר; ב) משלים; ג) סיפורי חכמים."
Preface059,בנות השיר,book158,1,"ריז, נתן",author,קול תחת הקדמה,
Preface060,בנות השיר,book158,2,אנונימי,,נפתלי בראש משיב נפש לשון עבר,
Preface061,בריב שטעללר אדער פתשגן הכתב,book160,,,,,"הספר פותח ב""דרכי מלאכת הכתיבה"" שבו מתאר את דרך לימוד התלמיד את הכתיבה (""מאן מוס דען אנפעגער גווענען דאש פאפיהר גראדע פאר זיך צו האבן, דיא פפעדרער איבר דען שניט צווישטען דריי פינגער צו האלטען,...) עמ' [1]. 

בסעיף השני בספר ""סדר האגרת"" (עמ' [2-5]) מציג המחבר את מבנה האגרת ומוסיף פתיחות מתאימות למכתב הפונה לאב, אם, סבא, סבתא, בן, בת, מורה, גיס, גיסה וכד'."
Preface062,גבעטי דער יודן אויף דאס גאנצי יאהר,book164,1,"Friedländer, David","translator,commentator",פארעראינרונג,"בהקדמה מציג המחבר מהו תפקיד התפילה בעיניו. התפילה ""ווירד אונס אויף דיא אונבגרענצטן געטטליכ'ן אייגנשאפ'טן דעס אללרהעכ'סטן פ'יהרן, אונד אונזרי בגריפ'י דאריבר ערווייטרן, אויפ'קלעהרן אונד גריכ'טיגן... וויר לערנן ווייזי ווערדן, גיטיג זיין, נאכ'זיכ'ט האבן, רעדליך האנדלן, פ'עהלר אונזרר נעכ'סטן פ'רצייהן, דען בעסטן גברויך פ'אן אונזרן קרעפ'טן מאכ'ן..."" הוא מדגיש, בין היתר, את תפקיד התפילה כאמצעי להשגת אושר האדם: ""זא ווירד דאס גבעט דען מענשן גליקליך מאכ'ן"".   
הוא גם מציין מהם המקורות ההיסטוריים של התפילה וטוען: ""דיזי גבעטס-פ'ארמלן זינד גרעסטן-טהיילס פ'אן עזרא אונד דען איהם צוגארדנטן גזעץ-לעהררן פ'רפ'אסט ווארדן"". הצורך בקביעת פורמולות עלה, לדעתו, עם גלות היהודים, כאשר רוב בני העם לא שלטו בשפה העברית."
Preface063,גמול עתליה,book166,0,"Franco Mendes, David",author,הקדמה,
Preface064,גן נעול א,book167,0,"וייזל, נפתלי הרץ",author,"מכתב המחבר,פתיחת המחבר וזה שמה מבוא הגן",
Preface065,גן נעול ב,book168,0,"Wessely, Hartwig",author,פתיחת המחבר השניה ויקרא את שמה כשם הפתיחה הראשונה מבוא הגן,פתיחת המחבר השניה - הראשונה: בספר הראשון.
Preface066,דרך איש ישר,book178,0,"אובן, אברהם",translator,הקדמת המעתיק,
Preface067,דת ישראל oder Das Judenthum 1,book182,,"Beer, Peter",,[Widmung],
Preface068,האמונות והדעות,book184,0,"בן-זאב, יהודה ליב",commentator,הקדמת המפרש,
Preface069,הדרכת הילד אדער ערסטער אונטערריכט פיר קינדער פאן דרייא ביס פינף יאהרען,book186,1,"שובכר, חיים צבי",author,"""פארעראיננערונג"": המחבר טוען כי יש חשיבות להוצאת ספרי לימוד של כל עם עבור ילדיו, וכי עד עתה לא היה ספר מתאים עבור ילדי ישראל הרכים. הספר הזה העושה שימוש בתמונות כדי ללמוד קריאה, תואם לצרכי הילדים.",
Preface070,הנפש,book189,0,"פרידלענדר, דוד",editor,הקדמה,
Preface071,העתקה,book190,0,"אברהם בן לא""א כהן מביסטריץ",editor,אל עין הקורא,
Preface072,הפטרה לשחרית יום הכפורים,book191,1,"פרידלענדר, דוד",translator,איינלייטונג,
Preface073,הפטרות מכל השנה ב,book193,,,,,"""איינלייטונג"" של דוד פרידלנדר העוסק בתרגום, ושתי הערות שלו המתייחסות לתוכן ההפטרות"
Preface074,הפיוטים והפייטנים,book196,0,"הידנהים, וולף",author,"נאום בנימין המכונה וואלף ב""ר שמשון איש הידנהיים: בהקדמה מציג הידנהיים ספר זה כספר המשך לחיבורו ""פסח"", שבו עסק בהרחבה בפיוטים וניתח את המבנה שלהם (""מחומר... הפועל.. והצורה... והתכלית...""). בחיבורו זה הוא מתמקד ""הפועל, הפייטנים בעלי הלשון"", כלומר, תיאור ביוגרפי היסטורי של כותבי הפיוטים.",
Preface075,הקולות יחדלון או משפט שלום,book197,3,"Romanelli, Samuel",author,דברי השירה הזאת,"המבוא הוא בצורת שירה והוא נקרא: ""דברי השירה הזאת"""
Preface076,"התעוררות שמחה וששון ... ליהודים ק""ק אשכנזים ... אשר בעיר אלטונא ... בראותם את יקר תפארת ... קריסטיאנוס השביעי מלך דענימרק ונארוועגן",book200,,,,,
Preface077,זה ספר בית המדות,book202,,,,,"""הקדמה שני"" (""על חלק דברי המוסר..."", דף ג'), ו""הקדמה שלישית"" (""כוללת עיונות לעין הקורא ..."", דף ד' -ו')."
Preface078,זה ספר זכר צדיק,book203,1,"Friedrichsfeld, David",author,מכתב תודה,
Preface079,זה ספר טוב ויפה,book204,,,,,"""הקדמה"", דפים [ב'-ו']: המחבר מדגים את מטרת הספר על ידי משל: מלך שמרד בו עבדו, והוא הודח, ואח""כ הצליח להחזיר שלטונו בזכות עצת איש חכם. המלך גומל בכך שלוקח תחת חסותו את בנו. אבל בן זה הולך בדרך הרעה, ולבסוף המלך מכניס אותו לבית הסוהר. לאחר זמן נאמר לו שהנער מתחרט על פשעיו, והוא שולח את נציגו לראות אם אכן כך. הנער רוצה להראות כי השתנה, ומקריא לשליח המלך מתוך מגילה, אבל קריאתו אינה נכונה, ולבסוף הוא מתחנן לפניו שיתן לו כסף. השליח חוזר למלך ואומר לו כי הנער לא השתנה. המחבר מציג את הנמשל: כך עם ישראל, שהיה עובד אלילים מלכחילה ואברהם הנהיגו לאמונה באל, חזר לסורו ולבסוף הוגלה מארצו על ידי ה'. וגם בגלות הוא לא חוזר מסורו ומוסיף לדבוק בשלושה ""פשעים"": 1. אין הבנה פילוסופית של עבודת האל; 2. אין קריאה נכונה על פי חכמת הדקדוק; 3. התפילה עוסקת בצרכי השעה ולא בגאולה. מטרת ספר זה לעסוק ב""פשעים"" אלה."
Preface080,זכרון יוסף,book206,1,"פיבני, יוסף בן איזק, כהנא",author,"הקדמת המחבר: המחבר מציג עצמו כצעיר, ומפנה ספרו לצעירים. הוא מבקש להביא מעט מחוכמת היוונים בפני אלה הצמאים לידע זה.",
Preface081,חכמת יהושע בן סירא,book210,0,"Ben Seew, Juda Löb",translator,הצעה,
Preface082,חכמת יהושע בן סירא,book210,0,"Ben Seew, Juda Löb",translator,הקדמה,
Preface083,חלקת מחקק,book211,1,"Salomon, Gotthold","translator,commentator","""פאררעדע דעס איבערזעצערס""",
Preface084,חשק שלמה,book212,0,"Pappenheimer, Salomon Seligmann",author,הקדמה,
Preface085,יונה,book214,1,"Löwe, Joel","translator,commentator",מבוא הספר,"ההקדמה הארוכה עוסקת בנושאים כגון ""ימי חיי הנביא ונבואתו"", ""כותב הספר""(ברי""ל פוסק כי ""כותב הספר היה אחד מאנשי כנסת הגדולה""), ""תועלת הספר"", על ""סגנון הלשון"", ""בענין הדג"", ""בענין הקיקיון""."
Preface086,יושבי תבל,book215,0,"Derenburg, Zebi Hirsch",author,"ההקדמה עוסקת בהצדקת הספר, וחשיבות העיסוק המוסרי בידידות, אהבה, נדיבות וכד' - והדיון בהם בספרות בשפה העברית.",
Preface087,יריעות שלמה ג,book218,0,"Pappenheimer, Salomon Seligmann",author,הקדמה,
Preface088,"כוס ישועות, oder Kelch des Heils",book219,1,"Beer, Peter",author,Vorrede,
Preface089,כימיאה אדער שיידיקונסט א,book220,1,דאקטאר שענעמאן,author,"הקדמה: המחבר מספר על חיבתו הרבה למדעים מאז נעוריו, ובחירתו בשל כך במקצוע הרפואה. המחבר מספר כי הוא למד רפואה בברלין במהלך השלוש שנים האחרונות, וכי הוא קורא גרמנית, צרפתית ולטינית (עמ' [4]).סיפרו זה יצא במטרה להשכיל את היהודים במדעים הזנוחים.","""ערקלערונג אייניגר ווערטר וועלכי אין דיזם טהייל פארקאממן"", עמ' [9-17]"
Preface090,להט החרב,book223,,,,,"יש ""פתיחה"" קצרה."
Preface091,לוח הפעלים,book224,1,"בן-זאב, יהודה ליב",author,"הקדמה: בן-זאב מציין כי לצד סיפרו היסודי על השפה העברית  ""תלמוד לשון עברי"" שהוא כותב, הוציא ספר זה לטובת המתחילים. לוחות הפעלים נועדו לשימושו של מורה עם תלמידיו.","הספר כולל שני מבואות:

""הצעה"" (עמ' [2-5]): יסודות התנועות ""מה שישים המורה בפי התלמיד טרם יקריבו ללמוד הפעלים"" (עמ' [2]).

""פארלייפיגע ערקלערונגן צום לוח הבנינים"" (עמ' [6-14)]: הסברים על סוגי הפעלים, זמני הפעלים, מין, יחיד/רבים וכד'."
Preface092,לייכטזין אונד פרעממעלייא,book229,,"Wolfsohn-Halle, Aron",author,פ'ארעראיננערונג,"נוסח ההקדמה ב""הערות"" [חלון ""חוקר ומקורותיו""]"
Preface093,לישרים תהלה,book230,1,"דובנא, שלמה",editor,אליכם משכילי עם!,
Preface094,לישרים תהלה,book230,3,"לוצטו, משה חיים",,רמזי המליצות,
Preface095,לישרים תהלה,book230,4,"לוצטו, משה חיים",,פתשגן המשל,
Preface096,מאמר התורה והחכמה,book237,1,"Levison, George (Mordechai Gumpel Schnaber)",,הקדמת המחבר,
Preface097,מאמר צדק ועוני או עוז הצדק,book240,0,"ברסלאו, מנדל",author,הקדמה,
Preface098,מבוא אל מקראי קדש,book241,0,"בן-זאב, יהודה ליב",author,הקדמה כללית,
Preface099,מבוא הלשון,book242,,,,,"במבוא מטעם המביא לדפוס הידנהים, שמנתח את 4 תת-התחומים של ""חכמת הלשון"": תולדות הלשון, מעשה הכתב, מלאכת הדקדוק ומדע השרשים. הוא טוען כי תת-התחום השלישי - הדקדוק - הוא החשוב מכולם, ולכן השקיע בו את מירב ""להורות למתחילים את הדרך ילכו בה עד יפתחו להם שערי הלשון..."" (עמוד ראשון, לא ממוספר)."
Preface100,מגילת אסתר,book244,1,"Wolfsohn-Halle, Aron",translator,,
Preface101,מגלת איכה,book245,0,"וולפסון, אהרון","translator,commentator",מבוא הספר,"במבוא עוסק וולפסון בעיקר בשאלה: מי כתב את הספר, מתי התרחשו הדברים - ""על מה נתיסדה [מגלה זו] ועל מה תכונן"". כמו כן, נוגע ב""איכות הקינות האלה"", המבנה שלהם וכד'."
Preface102,מגלת חסידים א,book246,2,"סטנוב, יצחק",author,"מודעה למען משכילי העם ונדיבהם, אדברה נא דברי שלום ואמת",
Preface103,מגלת חסידים א,book246,3,אנונימי,,,
Preface104,מגלת חסידים א,book246,4,"""אחד המשוררים""",,לשיר אין כותרת,
Preface105,מגלת רות,book248,0,"וולפסון, אהרון","translator,commentator",מבוא הספר,
Preface106,מגלת שיר השירים,book249,0,"Löwe, Joel",commentator,מבוא הספר,"מדובר בהקדמה אחת החתומה ע""י שני המביאים לדפוס"
Preface107,מגלת שיר השירים,book249,0,"Wolfsohn-Halle, Aron",commentator,מבוא הספר,"מדובר בהקדמה אחת החתומה ע""י שני המביאים לדפוס"
Preface108,מדבר סין,book250,0,אברהם אבלי בן ירמיה,editor,"את ההקדמה (דף ב') פותח המחבר בשיר קצר. הוא עוסק בבעיית הניקוד של שין בנקודה ימנית או שמאלית. טוען שהוא ממשיך את דרכו של הר' דוד קמחי: ""וכבר קדמוני הרבה חכמי מקרא והדקדוק וכללו שרשי המלות ההם השמאלית כגון כלל המתחיל ישראל השר [?] בשמחה ימים והעתקתי לקחןוראיתי שאינם מספיקים לכל הצורך לש""הק הנמצאת בכ""ד ספרים ועלה על לבי לחברם ע'ו שרשי הפעלים והשמות... כאשר עשה הר' דוד קמחי... ואני הוספתי נופך משלי כמעט בכל אות ואות וגם לא היה שום [?] מראה מקום...",
Preface109,מדרש מלים לשונות עברית ואשכנזית,book251,0,אורי פיבוש בן אריה ליב,author,פתח דבר,"בפתח דבריו, מהרהר המחבר על מטרת ההקדמה: ""לב הקורא ישתומם לדעת מה זה עשה המחבר לנו הלא כאלה רבים עמנו... מה ידע ולא נדע. לכן בפעם הזאת אודע את ידי הקצרה מפדות מה ראיתי לחבר את הספר הזה ומה המה הדברים אשר נאמרו ושונו אני מונה אל סדר החדשים ..."""
Preface110,מודע לבני בינה oder Kinderfreund und Lehrer 1,book253,1,"Philippson, Moses",author,Vorrede und Einleitung,
Preface111,מודע לבני בינה oder Kinderfreund und Lehrer 2,book254,1,"Philippson, Moses",author,Vorrede,
Preface112,מודע לילדי בני ישראל,book255,1,"Bock, Moses Hirsch",author,"הקדמה ומבוא הספר: המחבר מתאר את הסיבות שהביאוהו לכתיבת המקראה העברית - כדי להדריך בקריאה בעברית וליצור ספר שיכיל נושאים שונים וימנע צורך לקנייה מיותרת של ספרים. הוא מציין כי הוא חיבר את הספר ב-3 שפות, כדי שיוכלו התלמידים לתרגם משפה לשפה. במקום שירים וחידות שהופיעו בפרק החמישי, הוא כתב פרק על תולדות חכמי ישראל (מדובר  בראשי ההשכלה הגרמנית-יהודית, ט.ק.), כדי שהילדים ילכו בעקבותיהם. המחבר מציין כי בבית סיפרו ביקר יעקב ב""י בברוינשוייג (הערר פרעזידענט יאקאבסזאהן), שחתם על ספריו ולקח מהם ללמד ילדים בוועסטפהאלן. הוא מודה לאיש זקן מן הקהילה המומחה בדקדוק עברי (שלא מצויין בשמו) שסייע לו בכתיבת המקראה העברית.",
Preface113,מורה נבוכים א,book257,,"Euchel, Isaac Abraham",editor,דבר אל הקורא,"הקדמה נוספת מאת משה נורבוני: הקדמת החכם הנורבוני.
""הקדמתו"" של אייכל: בסוף הספר."
Preface114,מורה נבוכים א,book257,,"Maimon, Salomon",commentator,הקדמת החכם בעל גבעת המורה,
Preface115,מורה נבוכים ב,book258,,"Satanow, Isaak","commentator,editor","""הקדמה - הסכמות וחרמות הגאונים ה""ה בספר הכוזרי הנדפס פה ברלין""",
Preface116,מזמור שיר לבאנאפארט,book262,1,"בישנטל, ליפמן משה",translator,הקדמת המעתיק,"""הקדמת המעתיק"" (עמ' [2]):
המתרגם מהלל את נפוליון שנמלט מאויביו, ולכן החליט לתרגם שיר מלטינית, והוסיף להם באור של מילים למען להקל על הקורא."
Preface117,מחברות עמנואל,book263,1,"סטנוב, יצחק",editor,הקדמת המגיה,"""הקדמת המגיה"", (עמ' [1]): סטנוב מתאר את חשיבות הספר, העוסק ב""שירי עגבים"" וב""אהבת נשים"", ונסמך על העיסוק בזה במסורת - בשיר השירים, אצל מקובלים שונים וכד'. הספר מועיל ללימוד העברית, ומונע את ""חרפת רעב בלשון כמאן דאמר בזוי אתה מאד זה אדום שאין לה כתב ולשון"". כלומר, מטרת הדפסת הספר הפצת העברית, והרחבת הספרות העברית לתחומים בהם היא חסרה. הוא חוזר על דבריו בשער כי איציג מימן את הדפסת הספר, וטוען כי ערך אותו באופן מסיבי: ""... ואני הגבר הוקם על להגיהו ואתנה את לבי אל הספרים הישנים והנם משובשים מאד, כי בתי החרוזות היו רצוצים, וארמונות השירים היו מפורצים, ואבני המשקל היו כאבני גיר מנופצים, ואקום לעשות מלאכתי מלאכת ההגהה ואגדור פרוצות החרוזות ואעמידה בתיהם על תלם וארמנות השירים על משפטם, והוצאתי במספר צבאם, ושקלתי בשקל הקודש מבטאם, ומי חכם יבין דעת שאין ערוך לראשונים עם זה כלל:"""
Preface118,מחזור לחג השבועות - 1805,book266,1,"דובנא, שלמה",,ואלה דברי הרב...,"של הידנהים: ""אמר המבאר והמתרגם"". הידנהיים מתאר פיוטים וסליחות, ואת דרך תרגומו,""ואלה דברי הרב..."":
דובנא מתאר את מה שהינדנהים עשה, בביאור ובתרגום, ומשבח את עבודתו."
Preface119,מחזור מנהג פולין ליום ראשון ושני של פסח - 1800,book268,1,"הידנהים, וולף","translator,commentator,editor",פארבעריכט,
Preface120,מחזור מנהג פולין לערבית ליום כפור - 1800,book272,1,"הידנהים, וולף","translator,commentator,editor","""פארעראיננערונג""","ההקדמה לא חתומה, אך נראה שכתבו אותה המדפיסים הידנהים ובשוויץ - ציינתי כאן רק את הראשון כי אין אפשרות בתוכנה לציין שניים (צריך לשנות כשאילה תתקן זאת). ההקדמה כתובה בלשון ""אנחנו"", ולכן הנחתי כי מדובר במביאים לדפוס."
Preface121,מחזור מנהג פולין לשמיני עצרת ולשמחת תורה - 1805,book273,1,"הידנהים, וולף","translator,commentator,editor",הפיוטים והפייטנים,"""הפיוטים והפייטנים"": הידנהים מציג ב-12 עמודים את הפייטנים השונים  ופיוטיהם, ומבקש מקוראיו לידע אותו אם שכח מישהו"
Preface122,מכתב,book275,1,אנונימי,"author,translator","'אל כבוד הנגיד התורני השלם השר המפורסם והנסיב מוה' גבריאל פרענקל נר""ו פרנס פרימוס בקהלת עדת ישראל הקדושה פראג והמדינה יע""א': ההקדמה ממוענת אל גבריאל פרענקל פרנס קהילת פראג על ידי המתרגם. הוא טוען כי הוא נחשף בספרי רפואה ל""מאורעות נוראות ואיומות... מבני אדם אשר נקברו חיים בהחשבם מתים?"", עמ' [2]. הוא חושב שהיהודים לא יודעים על כך ולכן ממשיכים במנהג קבורת המתים שלהם. זו הסיבה שהחליט לתרגם לעברית את דברי הרופא הרץ ולשלוח לגבריאל בפראג 50, שיפיצם בקרב היהודים.",
Preface123,מלוכת שאול,book278,1,"האפרתי, יוסף מטראפלוויץ",author,הקדמה ומבוא הספר,
Preface124,מליצה לפורים,book279,0,"בן-זאב, יהודה ליב",author,אמר המגיד,"לשון ההקדמה: ""אמר המגיד, ראה ראיתי מגלות עפות, הולכות וטופסות, כיום זה בכל שנה, בכל עבר ובכל פנה, זה אומר בכה וזה אומר בכה, איש איש כדרכו. וכאשר חקרתי יסודותים ואבוא עד תכונותם ועקבותיהם אלי נודעו על מה אדניהם הטבעו ראיתי מקצתו מלאכת המליצה רודף ומקצתו ריחו נודף וסרח העודף מקצתו כדבש תמרים ומקצתו כלענה מרים וכתאנים השוערים מקצתו תפוחי זהב מן ואהב גדולה ורהב ומקצתו קשה כברזל גורל אחד לה' וגורל אחד לעזאזל ויותר מזה ראיתי אותמים שמם בראשי הדלתות ושמו אותותם אותות איש איש לבית אבותם למען יעמדו לדורותם והוא לעד על מעוט הכרתם וחסרון הבנתה ולא תמחה חרפתם כי לא ראו חכמת המליצה היפה כתרצה בלי דופי ושמצה וכאשר יראו האנשים האלה איזה אגרת נועם המליצה אוגדת וחן ההגיון חוגרת יאחרו הנה היא סגורה ומסוגרת אין זה לשון אדרת כ""א צרעת ממארת לא בזא' יתהלל המתהלל ואת נזרו לארץ יחלל בעיניו קורץ וברגליו חולל... והנה איש כזה נדמה בעניניו לעטלף בחלשת עיניו אשר לא יכול להביט בשמש ואל נצניו ויחשוב כי בשמש מקרה מה ופגע ובאמת בעיניו עמך הנגע כן אלו האנשים בדעתם חלשים ע""כ אמרתי אל לבי אל תשמיע כיום קולך פן יבוזו לשכל מליך.
אמר המגיד וכאשר גמרתי עמדי למשוך את ידי ולעמוד על עמדי יעצוני כליותי אל נא תהי כאיש עצל עשה זאת אפה והנצל ערוך אגרת והכן אל אשר ידע למקרא כתבא על כן חבר אותו ממלות קלות שחוק והוללות דבר חלקות מזה מהתלות מעניני שמחת פורים ממעשי השכורים סדר אכילתם ומרוב שמחתם איש על דגלו יחנה ודבר כזה לא ישבח ולא יגונה."
Preface125,מסכת אבות,book283,0,"וייזל, נפתלי הרץ",commentator,הקדמת המחבר,
Preface126,מציאת הארץ החדשה א,book285,1,"מנדלסון (פרנקפורט), משה",translator,הקדמה,"ראו פירוט באצבע ""תוכן עניינים"" להלן,המתרגם עוסק בהגדרה של ""חוכמה"" ""נפש חיונית"" 
""ותבונה"". המתרגם טוען כי תרגום ספר זה בא בעקבות עניינו ב""בחינת הארץ, והדרים עליה, ותולדות הימים וחלופיהם"" (עמ' [6]). הוא בחר בספר זה לתרגמו כי הוא עוסק בכיבוש הארץ, ואפשר להפיק ממנו לקח מוסרי רב. סיבה נוספת - הספר זכה לפופולריות בקרב העמים. הוא מספר על תהליך תרגום ועיבוד הספר, על סיועו של נפתלי הירץ וייזל, ועל עידודו של קאמפה עצמו את הוצאת הספר. הוא אומר שהוצאת הספר קשה לו כלכלית, ואם הספר יצליח - יוציא גם ספר שני. המתרגם חותם בתודות לאביו."
Preface127,משא בערב,book286,1,"Romanelli, Samuel",,הקדמה,
Preface128,משלי אגור א,book287,0,"כהן, שלום",author,"הקדמה: המחבר עוסק בתועלת המוסרית של המשלים, ומסווג את המשל לסוגיו השונים. הוא מציין משלים תנכי""ם, משלי ימה""ב. הוא מספר על תהליך הכנת הספר: בחירת המשלים המובחרים ותרגומם לגרמנית. כיוון שהוצאת הספר יקרה, הוא מוציא רק חלק מן החומר שיש ברשותו, ואם יצלח המעשה בידו - יוציא בעתיד גם את החלק השני.",
Preface129,משלי אסף א,book288,1,יוסף לוצאטו איש איטליא מדי התמהמתי פה לונדן,,,
Preface130,משלי אסף ג,book290,1,"Satanow, Isaak",author,"""הקדמה שלישית"", עמ' [15-18]: על השירה והמליצה",
Preface131,משלי אסף ג,book290,2,זרחי' נ' מסעוד איש איטליא,,(שיר),
Preface132,נבואת הילד,book291,1,"סטנוב, יצחק",commentator,"""נאום"" (עמ' [1]): סטנוב מספר כי עוד בהיותו בארץ מולדתו הוא נתקל בספר ""נבואת הילד"" שיצא לאור עם ספר ""נגיד ומצוה"", שבעבר היה לו ביאור שאבד. סטנוב מנסה לשחזר אותו, וטוען כי מדובר במשימה נכבדה בשל הצורך לשלוט בהיסטוריה של העולם העתיק, בשל צורך לשלוט בדברי הנביאים, חז""ל מדרשים וכד', ובשל הצורך לשלוט בלשונות שונות: ארמית, תלמוד בבלי וכד'. וסיבה נוספת - יש כאן גילוי של סוד, וסכנה לחלוק על המחבר שעדיף לשמור עליו. כשהגיע לספרייה של דניאל יפה נתקל שוב בספר והחליט להוציאו עם ביאור, עם זהירות בגילוי הסודות, אך לטובת ישראל, כדי ש""להבין דבר מתוך דבר לדעת את אשר יקרה אותם באחרית הימים"".","בעמ' [3-1] סטנוב מספר את סיפור המסגרת:
ילד שנולד לאשה שהיתה עקרה, שהחל לנבא, ואביו אסר עליו לעשות זאת. בהגיעו לגיל 12 האב משחרר אותו מן האיסור. הספר כולל את נבואותיו."
Preface133,נתיב לשון עברית,book292,1,אנונימי,,ערקלעהרונג דער אבגעקירצטען ווערטער,"אין הקדמה של ממש - זו תוכננה ככל הנראה אך לא מופיעה בספר כפי שהוא בידינו היום  (ראו לשונית ""הקדמות""). 
לעומת זאת, ישנו לוח קיצורים המקדים את הטקסט.,אין מדובר בהקדמה של ממש, רק לוח קיצורים המקדים את הטקסט ולא נכלל במספור הספר.
הערה בסוף הרשימה מעידה על כך שהמחבר התכוון לפרסם הקדמה נפרדת:
""וויר האבען היר נור פ'ארלייפ'יג בעמערקט די בעדייטונגן דיזער ווערטער. אין אונזרר הקדמה ווערדען וויר אויספ'יהרליכ'ער דא פ'אן האנדלן."""
Preface134,סדר הגדה על פסח,book293,1,"ברי""ל, יואל",translator,גנייגטע לעזריננען!,
Preface135,סדר קינות לתשעה באב,book296,0,"אוטנזוסר, דוד",translator,פאררעדע,
Preface136,סדר קינות לתשעה באב,book296,0,"צירנדורף, איצק",editor,פארעראיננערונג דעס פערלעגערס,
Preface137,סדר קינות לתשעה באב,book296,1,"צירנדורף, איצק",editor,אנקינדיגונג,
Preface138,סייג לתורה,book297,0,"וורמס, אנשיל",author,הקדמה כוללת,
Preface139,סלת מנחה בלולה,book298,1,"שנאבר-לויזון, גומפל מרדכי",author,הקדמה,"שנאבר -לויזון  מעיד בהקדמה על יחס של בוז שהוא זוכה לו: ""וידעתי כי רבים ילעיגו לי שמתי פני כחלמיש ולא אבוש מהמלעיגי' אשר חדשים מקרוב באו לא שערום אבותינו""."
Preface140,ספר אור עולם,book302,1,"מרגליות, יהודה ליב בן אשר זליג",author,הקדמה לחלק בית מדות,"""פתיחה"": (דפים ח'-י'):

מרגליות טוען כי החכמות עומדות בצילה של המסורת היהודית, ורק אם הם עומדים בקנה אחד איתה יש לקבלם. הוא טוען כי האדם לא יכול לרדת לגמרי לחיקרו של הטבע, והדבר דומה למגנט, שאת תכונותיו הוא מפרט היטב בהערת שוליים, שיודעים את תכונותיו אבל לא מבינים את סיבת פעולתו. דוגמה נוספת שהוא נותן : בן ששואל את אביו מאין בא, ולא מקבל את ההסבר שחי בתוך גוף אימו, שכן אין חי שיכול להתקיים בתוך מעיים. 

לדעת מרגליות, כך החכמים שלא ניזונו די מן המסורת, אינם יכולים להתמודד עם הבנה של ידע שאינו עומד במבחן ההגיון. הוא מזכיר גם את אריסטו במסגרת דיון זה.,""הקדמה לחלק בית מדות"": (דפים ב' וג'):
המחבר מודיע על כוונתו להוציא לאור חלק ב' של ספרו בית המדות, ועל כך שזכה להסכמה של ""גאוני הזמן"" לסיפרו, ומצרף כאן את ההקדמה לספר זה (שככל הידוע, לא הופיע לבסוף)."
Preface141,ספר איוב,book304,1,"סטנוב, יצחק",commentator,"(ללא כותרת): עמ' [1]: סטנוב מתאר בהקדמה את הקושי בהוצאת ספרים, מציג רשימת חותמים ומציין כמה כסף שילם כל חותם, ואח""כ מציג רשימת ספרי הוצאת חינוך נערים הניתנים להשגה: לידע ולהודיע למוכרי הספרים ולקוני הספרים רשימה מהספרים ומקחם הקצוב שת""י (שתחת יד? ט.ק.) ר' איצק למכור ולהחליף עם מוכרי הספרים"" (עמ' 2, מספור שלי)","'...במקח א' ר""ט נייר פשוט, ועל נייר טוב במקח א' ר""ט ח""ג' - הקדמת המחבר, עמ' [1]"
Preface142,ספר אמרי בינה,book305,,,,,"""הקדמה"", עמ' [2]  ועמוד ימני של דף א': תיאור הדמויות בסיפור, והמבוכה שתקפה את נועם הקבלי, בעקבותיה הלך להיפגש עם ידעיה"
Preface143,ספר בית נאמן,book307,1,אנונימי,,"""פתח הבית"": הכותב דן באמת ושקר, ומזכיר את פיידון וסוקרטס
",
Preface144,ספר בית נאמן,book307,2,"פדר, טוביה",author,"""הקדמה"": המחבר מבחין בין אנשי מוסר לאנשים חסרי מוסר, ומעיד על עצמו כי הוא תמיד הלך בדרך האמת. הוא מציין ספרים נוספים שהוא הוציא.",
Preface145,ספר דבר טוב,book309,1,"לוי, אביגדור",author,הקדמה,"בהקדמתו, מדגיש המחבר את חשיבות לימוד השפה העברית להבנת התורה, ומביא חיזוקים מדברי חז""ל."
Preface146,ספר דברי יושר א,book310,1,"שוואב, אברהם בן מנחם מנדל",author,"הקדמה: המחבר מתאר את הספר כנועד להוראת הדקדוק של השפה העברית, שהוראתה כראוי הולכת ונעלמת. הוא טוען כנגד המלמדים כי הם לא מלמדים כראוי, כי בעלי הבתים דוחקים בהם להגיע ללימוד 'גפ""ת ופוסקים'. ספר זה מבאר, לדבריו, בקלות ובנוחות את חוקי הדקדוק העברי.",
Preface147,ספר דברי יושר ב,book311,0,"שוואב, אברהם בן מנחם מנדל",author,"הקדמה: בהקדמה הוא מתאר את מטרת הספר - הוראת עברית למתקדמים. הוא מתאר את העבודה המשותפת עם בן-יעקב, מאיר.",
Preface148,ספר דברי נגידים,book312,0,"מרקוס, צבי הירש בן מרדכי",translator,"התנצלת המעתיק לעין הקורא,פתיחת המעתיק",
Preface149,ספר דרך ישרה,book316,1,"שיק, ברוך משקלוב",author,הקדמת המחבר,
Preface150,ספר הברית א,book318,1,"הורוויץ, פנחס אליהו","author,translator",הקדמה,"""פתיחה"", דפים ו'-ט'.,""הקדמה"", דפים א'-ו':
המחבר מציג את מבנה הספר, תכניו, ואת דרך העבודה על הספר"
Preface151,ספר הגדרים,book319,2,"מנחם בן אברהם פרפיניאן,סטנוב, יצחק",editor,הקדמה,
Preface152,ספר הולך תמים,book321,,,,,"""הקדמה"", דף א' (צד ימני): סטנוב דן במשמעות המונח ""שלמות"""
Preface153,ספר הלכה למעשה,book326,0,צבי הירש בן מנחם נחום,author,הקדמה,
Preface154,ספר המדות א,book328,2,אנונימי,,"הקדמה ""אבן יקרה ילוטש במסור יפותח בחכמה אסף ל""ב)","לפני הפרק הראשון בספר מופיע טקסט בשם ""מפתחות"", שבו ראשי פרקים של עשרת המאמרים הכלולים בשני כרכי הספר, כולל ציון מספר הפרקים בכל מאמר.,אחרי הצגת ההסכמות של הרבנים, הוסיף סטנוב קטע משלו: ""רבים מחכמי האומות התפלאו בשמעם שאני מדפיס את הספר עם ביאור כי רחוק הוא אצלם..."""
Preface155,"ספר המדות א - תקמ""ו",book329,1,"וייזל, נפתלי הרץ",author,הקדמה,
Preface156,ספר העקרים,book331,0,אליהו מפינטשוב,editor,הקדמת המלקט והמחבר בלעגי שפה מדבר,
Preface157,ספר השרשים ב,book333,1,"סטנוב, יצחק",author,הקדמה הכן בחוץ מלאכתך ועתדה בשדה לך אחר ובנית ביתך,
Preface158,ספר ויעתר יצחק,book334,1,"Satanow, Isaak",editor,"""עת הזמיר"": סטנוב מציג את הספר הזה כספר הראשון שיצא בבית הדפוס של ""חינוך נערים"" ומודה לדניאל יפה על המפעל הזה. הוא מציין כי לרגל פתיחת בית הדפוס הוטבעה מדליה: ""הטבעה מדלד""אליע אחת חמשה אדומ' זהב משקלה, מצוירת מעשה חרש חכם עיתותי אותם, צורת יצחק וכפיו פרושות השמים בתפלת מנחת ערב, ותחת רגליו כמעשה לבנה הספר בלשון עברי וכתב אשורי ויעתר יצחק והמראה המראה איש תפלה מראהו, מעשה חושב מחשב דרכו לדמות הצורה למעשהו, והיתה זאת לזכרון לחסד ה' אשר עשו אלה שני צנתרות הזהב המריקים מעליהם זהב בתנופה להדפיס ספרים לבני עמם...""",
Preface159,ספר זבד המליצה,book335,0,"Buchner, Zeev Wolf",author,"""המליץ בינותם""",
Preface160,ספר זמירות ישראל א,book337,1,"ברי""ל, יואל","commentator,editor",המנצח בנגינות מזמור לדוד,"על ה""ערגלעהרונג"" - רשימת מילים לבירור מושגים עבור הקורא היהודי שאולי לא הכיר היטב את השפה הגרמנית, ראו: ויינברג, <ins>רשימת מילים</ins>. רשימות אלה הופיעו בשלושת החלקים הראשונים של הספר, אך לא בחלק הרביעי."
Preface161,ספר זמירות ישראל ב,book338,,,,,"אין מבוא לספר, אך ברי""ל מקדים לטקסט שיר תודה אשר מופנה אל בני הזוג יורש."
Preface162,ספר זמירות ישראל ג,book339,1,"ברי""ל, יואל","commentator,editor",מכתם לדוד,
Preface163,ספר זמירות ישראל ד,book340,1,"ברי""ל, יואל","commentator,editor",מכתב,
Preface164,ספר זמירות ישראל ה,book341,,,,,"חלק זה של סדרת הספרים מהווה כולו הקדמה ליתר החלקים. הוא מורכב משלוש הקדמות ארוכות.,חלק זה של הספר מורכב משלוש הקדמות, כשהוא מהווה הקדמה לכל סדרת הספרים."
Preface165,ספר חכמת שלמה,book344,1,"וייזל, נפתלי הרץ","translator,commentator",פתיחת המחבר,
Preface166,ספר חכמת שלמה,book344,2,"וייזל, נפתלי הרץ","translator,commentator",הקדמה ראשונה על משפט ההעתקה,
Preface167,ספר חכמת שלמה,book344,3,"וייזל, נפתלי הרץ","translator,commentator","הקדמה שנייה על משפט הספר, ומי היה מחברו?",
Preface168,ספר חכמת שלמה,book344,4,"וייזל, נפתלי הרץ","translator,commentator","הקדמה שלישית מה משפט הפי' רוח חן, ומה הן תועליותיו?",
Preface169,ספר טורי ישפה,book347,1,"יהודה ליב בן משה, מהמבורג",author,"""הקדמה"", (עמ' [1-2]): המחבר טוען כי יש צורך לדבר בלשון הקודש, ורוב האנשים לא יודעים את דרכי המליצה, וסיפרו נועד לקהל הכללי ולמתחילים.",
Preface170,ספר יסוד חנוך נערים,book349,1,משה לוי משאנדרשלעבין,,"ללא כותרת: בפתח החלק הגרמני באותיות עבריות מתאר המחבר את הספר כמי שנכתב לילדיו ושימש את ידידיו, ולכן החליט לפרסמו.",
Preface171,ספר יסוד מורא,book350,2,"אבן עזרא, אברהם",,"""הקדמה"": מצהיר בה כי יש תועלת רבה בחוכמות, והם בבחינת סולם לאמת (דף ד').",
Preface172,ספר יסוד עולם,book351,,,,,דפים ד'-ה': על העולם העליון והעולם השפל
Preface173,ספר כליל החשבון,book352,1,"פריזנהויזן, דוד",author,"מבוא הספר (דפים ה'-ט'): מחבר מספר על הרקע התורני שלו, ועל כך שהחל מגיל 30 החל להתעניין ב""חוכמות הלימודיות"", נלכד בקיסמן ובמשך 10 שנים עסק בהן. הוא מציג את הרצון שלו להרחיב את הספרות העברית שבה חסרה התייחסות לחוכמות אלה. האלגברה היא בעיניו הבסיס לאסטרונומיה, למכניקה ולאופטיקה. הוא טוען שמחבר צריך לדעת למי הוא מפנה את סיפרו, והתחשב בקהל היעד שלו. הוא מתחשב בקהל היעד שלו ולכן הספר שלו מכיל את יסודות הלימוד. הוא מפנה את סיפרו ל""היושבים באהלי תורה"" (דף ז'). המחבר אומר שהפך את תרגילי החשבון מימין לשמאל, דבר שיכול לעורר אי נוחות אצל המורגלים בקריאה בספרים לועזיים, אך זה דבר שניתן להתרגל לו. הוא מזהיר את קוראיו לא לשעות אחרי מי שמוציא דיבה רעה לחוכמות הלמודיות, כי בלעדיהן אי אפשר להבין סוגיות תלמודיות שונות  (ומביא דוגמה לכך מתוך מסכת שבת, דף ט').",
Preface174,ספר כרם עין גדי,book353,0,"הורוויץ, יהודה",author,פתח שער הכרם עין גדי,
Preface175,ספר מאזנים,book357,1,"כהן, בנימין משה",editor,הקדמה,
Preface176,ספר מאיר נתיב הלשון א,book358,0,"פולק, מאיר בן גבריאל",author,הקדמה,
Preface177,ספר מאיר נתיב הלשון א,book358,0,"פולק, מאיר בן גבריאל",author,"פאהר רעהדן, לכו בנים שמעו לי",
Preface178,ספר מאיר נתיב הלשון א,book358,1,"פולק, מאיר בן גבריאל",author,ענטשולדיגונג דעס פערפאססערס,
Preface179,ספר מגלה סוד,book359,0,"גומפרץ, אהרון",author,הקדמה,
Preface180,ספר מגלת סדרים,book360,0,"הורוויץ, יהודה",author,פתח האולם ומבוא הלשכה,
Preface181,ספר מודע לבינה,book361,,,,,בעמ' הראשון לספר תיאור התכנים של הספר
Preface182,ספר מלחמה בשלום,book363,0,"Katz, Haim Abraham",author,הקדמת המחבר,
Preface183,ספר מלכים א,book365,0,"וולפסון, אהרון","translator,commentator",פאררעדע,
Preface184,ספר מנחה חדשה ד,book369,0,"בן-זאב, יהודה ליב",,הקדמה,"בהקדמתו מציין בן זאב כי חיבר מבוא מפני שאוברניק הלך לעולמו בטרם הספיק לעשות זאת. הוא רואה בפרויקט מנחה חדשה המשך למפעל שהחל בו משה מנדלסון עם תרגום התורה וס' תהילים.
בן זאב אף חיבר הקדמה נפרדת לחלקו השני של הספר."
Preface185,ספר מנחה חדשה ד,book369,0,"בן-זאב, יהודה ליב",,מבוא,
Preface186,ספר מנחה חדשה י,book372,0,"וולפסון, אהרון","translator,commentator",הקדמה,
Preface187,ספר מנחה טהורה,book375,0,"וולף, יוסף",translator,סלת מנחה והוא הקדמה כוללת לספר תרי עשר,"ההקדמה הארוכה משמשת כדי להפוך את הפרסום הזה למוצר מורכב יותר , בו נמסר לא רק תרגום וביאור של ספרי הנביאים, אלא גם ידע עיוני, הכולל דיון בעניין הנבואה והנביאים (תתי כותרת כגון: תכלית הנבואה, פועל הנבואה, צורת הנבואה, חומר הנבואה, שמות הנבואה, משך ימי נבואת הנביאים), רתוריקה, גיאוגרפיה, רקע היסטורי ועוד. 
ההקדמה השלישית מציגה בסדר א""ב את הערים והמקומות הגיאוגרפיים המוזכרים בספרי הנביאים, עם פירוט על מיקומם ומעט מידע היסטורי עליהם.
<ins>מחבר ההקדמות</ins>: ההקדמות חתומות בסוף ע""י קבוצת המחברים. ברוב המקורות המשניים מצוין כי <ins>יוסף וולף</ins> חיבר את ההקדמה. אך לפי קרסל (א', עמ' 346), <ins>יואל ברי""ל</ins> ""הקדים הקדמות לתרי-עשר (אחת - לכסיקון גיאוגרפי)""."
Preface188,ספר מנחה טהורה,book375,0,"סלומון, גוטהולד",translator,סלת מנחה והוא הקדמה כוללת לספר תרי עשר,
Preface189,ספר מנחה טהורה,book375,1,"פיליפסון, משה",editor,"הקדמה ראשונה, מתוכן הספר וידיעת עניני סגולותיו",
Preface190,ספר מנחה טהורה,book375,2,"נוימן, ישראל משה",translator,"הקדמה שניה, מידיעת הענינים הנופלים בזה הספר בפרט",
Preface191,ספר מנחה טהורה,book375,3,"ברי""ל, יואל",translator,"הקדמה שלישית, ... נשוב עתה לחקור בידיעת הארצות והערים הנמצאים בספר הזה לדעת מקומות מושבותיהם בארצותם לגוייהם, וקצת מהקורות אשר קרו להאומות ההם בימים הקדמונים ותמורות העתים אשר השיגום, כפי שכתוב בתנך ובד""ה לעמים וכו",
Preface192,ספר מסלול,book376,1,"Cöslin, Chajim",author,מנחת מרחשת,"""מנחת מרחשת"" היא למעשה הבעת תודה והערכה לאיש יקר למחבר, שמואל ווערטהיים."
Preface193,ספר מעדני מלך,book378,3,"וורמס, אנשיל",,"""הקדמה"": המחבר מתאר עצמו כמי שעסוק בלימוד תורה כשלושים שנים, ובשל כתיבת ספרו הוא הותקף. לטענתו, אין המשחק דבר טמא ורחוק מן התורה. הוא מספר גם על קריעת הספר בפומבי, ובא להצדיקו.","""ספר מעדני מלך"": המחבר מספר על אירוע שקרה לו שנוגע למשחקים: אב שהיו לו שני בנים, האחד שאהב לשחק, והשני שנמנע מכך, ביקש ממנו לסייע לפשר בין השנים שהגיעו לסכסוך עמוק בשל כך. המבחר הקשיב לאח שאהב לשחק, והגיע למסקנה שאין הוא עושה זאת במקום לימוד, ומביא להשלמה בין השנים, והוא מסכם: ""וזאת היתה הסיבה והטעם אשר כתבתי זה הספר"" (עמ' [21])."
Preface194,ספר מערכת אברהם,book379,0,"אברהם בן מודל, מאטינגן",,מודעה רבה,"""מודעה רבה"": המחבר טוען שבידו הסכמה, אך כי לא פרסם אותה בספר, בשל קוצר היריעה של הספר, ודורש כי איש לא ידפיס את הספר בשנתיים הקרובות."
Preface195,ספר מצפה יקתאל,book382,1,"Friedländer, David",editor,דברי המביאים לבית הדפוס העומדים על המשמרת לחברת חנוך נערים,
Preface196,ספר מצפה יקתאל,book382,2,"Berlin, Saul",author,הקדמת המחבר,"ההקדמה הראשונה חתומה הן על ידי פרידלענדר, <ins>הן על ידי איצק מברלין</ins>.

בהקדמתם מציגים המביאים לדפוס ביוגרפיה (דימיונית למחצה?) של המחבר, ""ר' עובדיה"". לפי דבריהם בהקדמתם, איש זה ישב בברלין שנים רבות והיה מקורב אליהם, אך עזב את העיר וכעת שלח להם את החיבור הזה, כדי שהם ידפיסו אותו, כמי שעומדים בראש דפוס חנוך נערים, שכן ""החבור הלז לא יעלה הוצאות מרובות בהדפסתו"". הם מביאים את היסוסם להדפיס ספר זה, אף כי הבינו את תרומתו ואת חשיבותו: ""היינו נבוכים זמן מה למלאות רצונו אחרי כי חומר הספר וצורתו הוא פלפול והוויות בגמרא ובפוסקי' ואיננו מן הדברים אשר אנחנו מתגדרים בם, ואף <ins>כי הוא נמצא לריב את אחד מראשי ישראל הנודעים בדורנו</ins>"".

סמט, ""בשמים ראש..."" קרית ספר מח, עמ' 511: לפי דרבי המחבר בהקדמתו, ועוד יותר לפי הקדמת המו""לים, נועד הספר לנקום את נקמת המשכילים בר' רפאל כהן בעל ""תורת יקותיאל"" - וכן להרתיע את שאר הקנאים מסוגו. לפי סמט - ספר זה הוא חלק מהמתיחות הניכרת ביהדות גרמניה בין הרבנים למשכילים (בראשם פרידל') על רק העדר תמיכה מצד הרבנים בתכניות המשכילים ולעיתים אף התנגדות להם. (510)

בהקדמתו מוסיף המחבר ""פרטים ביוגרפים"" נוספים: ""אמר עובד' ברבי ברוך איש פולניא המתגורר כעת בדינת עלזאס, מסבות מתהפך הזמן עלי... עד כי הנידני וטלטלני מעיר לעיר וממדינה למדינה עד בואי לארץ הזאת גם פה ישיבתי אין בה סמיכה כי אין לי מכיר... ואני יושב לבדי..."""
Preface197,ספר מקוה ישראל,book383,0,"שולמן, נפתלי הרץ",editor,הקדמת המביא לבית הדפוס,
Preface198,ספר נאוה קדש,book384,2,"ולטש, שמעון",commentator,הקדמות ומושכלות ראשונות מחכמת המדידה,"על המבוא ראו לשונית ""הקדמות"",ההקדמה הראשונה כללית וקצרה, היא עוסקת בין היתר במניעים לפרסום הספר. בסיומה ישנו קטע קצר המציג את שפת החשבון, ""לתועלת המתחיל"", דהיינו את הסימני החיבור, החיסור, הכפל, החילוק והשווה.

ההקדמה הראשונה ארוכה יותר, מעין מבוא מדעי."
Preface199,ספר נאוה קדש,book384,3,"י""ט בנעט",,"למעלת כ""ת אדוני חמי ה""ה הרב המופלא והמופלג בתורה החסיד מהור""ר י""ט בנעט נר""ו חד מהרבנים אנשי בה""מ דק""ק ברוינשווייג יע""א אעלה את זכרונו הטוב בדבר קדשי תורתו אשר המציא וחידש בעומק חכמתו",
Preface200,ספר נזד הדמע,book385,0,"זמושץ, ישראל",author,הקדמה,"מדברי ההקדמה הקצרה: ""הנה אנכי נצב על ראש הגבעה... שוד אקרא ואעער זעקת שבר... לאמור ישמעו העברי'... כי אש יצאה מחשבון ולהבה מקרית און ותקד באפי...כי לא יכולתי לכלוא הרוח העצור בבטני כי חזק הוא ממני עד כי יצא ויגע ב...אנשי הזמן והלך בסערות תימן... אחת דברתי ולא אשנה ולא אחוש לקול מלחשים..."""
Preface201,ספר נתיבות השלום ג,book388,,"Wessely, Hartwig",,הקדמת והתנצלות כותב הבאור על ספר ויקרא,
Preface202,ספר עוללות הבוחן,book391,0,"אוטנזוסר, דוד",commentator,הקדמת המבאר,
Preface203,ספר עוללות הבוחן,book391,0,"שובכר, חיים צבי",translator,הקדמת המתרגם,
Preface204,ספר עמוד השחר,book393,1,משה זאללשין,,"הקדמה: משה זאללשין מציג עצמו כתלמידו של המחבר, והוא משבח את מוריהו בשער הספר (""...החריף המפורסם החקרן הגדול מו""ה שמעון קרומנויא""), וגם בהקדמה (""עשה לי כל טוב בהיותו בק""ק פראג ואפילו לעת צאת השאפות שאף רוח לא מנע ממני הטוב ולמד אתי ועם חבירו"" (דף ב'). זאללשין מקדיש למחבר שיר תודה, ומצרף את דיונו התלמודי של אופנהיים במנחות דף ע""ב ע""ב (""להציג פה מה שאמר בשנה דאישתקד לפנינו"", דף ב'; ""ולהיות כי רבים יחכמו מעט בזה ההקדמה שעשה על המ""ס הנ""ל אמרתי להעתיקו, דף ה'). אחריו (דף ו') מופיע שיר הלל מליצי לה' שאינו חתום (ככל הנראה, גם אותו כתב משה זאללשין).",משה זאללשין הוא מחבר-שותף. יש לציין זאת כשאיילה תוסיף קטגוריה זו.
Preface205,ספר עמוד השחר,book393,2,"אופנהים, שמעון בן דוד",author,"הנץ החמה (דפים ו'-י'): המחבר מציג ידע באסטרונומיה, ומתאר את מערכת השמש שלנו. הוא תומך בתיאוריה הגיאוצנטרית, ויוצא כנגד התיאוריה ההליוצנטרית של קופרניקוס. מצד שני, תומך בידע עדכני לזמנו על מהירות האור (דף ז').",
Preface206,ספר עמודי השמים,book395,,,,,"עמ' ג' בו מתאר המחבר את נושאי הספר: גיאומטריה כבסיס לאסטרונומיה וחישובי לוח השנה:
""ועתה נבאר העיקרים בכדי ללמד לבני ישראל קשת המשולש ופינותיו בשלימות וגם כל חכמת התכונה השייך לקידוש החודש במופת נכון:"""
Preface207,ספר עמק השוה,book396,,,,,"""הקדמה"", דפים א'-ז': הקדמה פילוסופיתשל האל, האדם, החוכמה והידיעה וכד'. בסוף ההקדמה מציג המחבר שנים מתוך שלושת חלקי הספר:  את החלק הראשון ""ראש אמנה"", כעוסק בבאור שיר שכתב על האמונה, ואת החלק השני ""דירת אהרן"" - שעוסק בהלכות לקהילת אראד, אותם כתב מתוך עבודתו בקהילה זו."
Preface208,ספר עצי עדן,book397,1,"מרגליות, יהודה ליב בן אשר זליג",author,הקדמה,"""פתיחה אור לפני הדורשין"", דפים [ג'-ז']:

מבוא המיועד לקהל היעד של הדרשנים,""הקדמה"", דפים ב'-ג':

המחבר מתאר את מטרת הספר - ""... ללמד את העם הידיעות והענינים המוסרים הבאים בהצעות הדרושים... אין להפליא עלי הרבה לפי שקריתי בימי נעורי ספרי דרוש הרבה"" (דף ב')"
Preface209,ספר פשר דבר,book398,0,"מנשה בן יוסף,מאיליא",author,הקדמת המחבר,בהקדמת הקצרצרה מתייחס המחבר  לעניין ההסכמות (ראו אצבע באישים מוזכרים).
Preface210,ספר צוהר התיבה,book399,0,"הנאו, שלמה זלמן",author,הקדמת המחבר,
Preface211,ספר צוהר התיבה,book399,0,"הנאו, שלמה זלמן",author,פתח התיבה,
Preface212,ספר צחות המליצה,book400,1,"הילל ברי' דרב שמואל ספרא דק""ק טיקטין והגליל",,"""הקדמת ריע המחבר""",
Preface213,ספר צל המעלות,book401,0,"הורוויץ, יהודה",author,"""פתיחת המחבר""",
Preface214,ספר רוח חן,book402,0,"אבן תבון, יהודה בן שאול",,"אמר המחבר: אבן תבון מתאר את כוונתו לפרש את ""מורה נבוכים"" של הרמב""ם.",
Preface215,ספר רפואות הנקרא עזר ישראל,book403,0,"מרקוזי, משה",translator,דיא ערשטה הקדמה,
Preface216,ספר רפואות הנקרא עזר ישראל,book403,0,"מרקוזי, משה",translator,דיא אנדרע הקדמה,
Preface217,ספר רפואת העם,book404,1,אנונימי,,אגרת המודעא,"בהקדמה לספר אומר המחבר כי בכל העמים יש ספרי רפואה לעם, ורק לנו היהודים אין בשפתנו. הוא טוען כי ישנן קהילות שאין בהם כלל רופאים, והתוצאה היא שזייפנים ורמאים מוכרים רפואות שגורמות לנזק רב. הוא קורא למשכילי פולין לרכוש ולהפיץ את הספר הזה לטובת עמם"
Preface218,ספר רפואת העם,book404,2,"Levin, Menachem Mendel",,הקדמה,"בהקדמה מתאר לפין את תפיסתו לגבי תרגום טקסטים: ""... עא""פ שלכאורה נראה מלאכת ההעתקה קשה מאוד ... הנה קלה היא ע""פ קביעות התכלית לכל מעתיק כמי כחו, ולפי תועלת אותם שהעתיק בשכולם: ואעפ""כ בכל זאת ראוי לכל תעתיק לוותר על מדתו ולהידמות לדיוקן שלו בכל כחו...""(עמ' 6, מיספור שלי)"
Preface219,ספר שאלות ותשובות בשמים ראש,book405,2,"ברלין, שאול",author,הקדמת המחבר ספר שאלות ותשובות בשמים ראש,
Preface220,ספר שומר אמונים,book407,0,"זולדין, אליקים איסרל",author,הקדמה,
Preface221,ספר שפה ברורה,book410,0,"הכים, משה בן חיים",,הקדמת המחבר,"הקדמת המחבר: בהקדמה מציין המחבר כי הלשון העברית היא לשון נעלה וקדומה, והיהודים צריכים לדעת אותה כדי לחקור את כתבי הקודש הכתובים בעברית.  הספר נועד למתחילים, שכן ספרי העזר שקיימים קשים מדי לשימוש עבורם: ""... לכן קמתי אני הצעיר ואזרתי כגבור חלצי לפתוח פתח להרווחה לפני כל עוברי דרך הרעבים והצמאים לדעת יסודי הלשון ודרכיו... אז יכול ללמוד כל הספר מבלתי רב ומורה אשר יורנו"". (דף א'). לפי המחבר, הספר יכול לשמש גם תלמידים מתקדמים. הוא יצר הבחנה בין הידיעות הבסיסיות לבין הפלפולים והמחלוקות, המופיעים בביאור."
Preface222,ספר שפתי רננות,book411,,,,,"במבוא  הנקרא ""הקדמת קרית ספר"", דף [א'] עד דף ג', מציג סטנוב סיפור מסגרת על אדם משכמו ומעלה ששמו בניהו אשר הפך למנהיג ובנה את בית חורון ואת הארץ כולה."
Preface223,ספר תהלים,book412,1,"הרש""בם",,,
Preface224,ספר תהלים,book412,2,"סטנוב, יצחק",,הקדמה,"הקדמה: סטנוב מדמה את ה' לשמש, ומציג את התיאוריה החומרית של האור על פי ניוטון (דף ג' - בטעות מופיע פה הסימן ו'). הוא טוען כי מטרת הספר ליצור הבנה של התפילה, שכן בלעדי זה ""מה בצע באיש שוגה ופתי אשר כסיס עגור כן יצפצף בל יבין מוצא שפתו בתפלתו..."" (דף ג' - בטעות מופיע פה הסימן ו'), ומציג את הספר הזה כספר אבוד שמצא אותו בספרייה וגאל אותו משכחה על ידי הוצאתו לאור מחדש, עם הערותיו של סטנוב אותן הוא מפריד מביאורו של הרשב""ם על ידי הסימן (* (דף ד').

ראו גם חלון ""מבנה הספר"" ב""אחרית דבר"", שבה התייחסות לדברים שסטנוב אומר בהקדמה שלו"
Preface225,ספר תוכחת מגילה,book413,0,"שנאבר-לויזון, גומפל מרדכי",author,,"המבוא בנוי מחמש הקדמות, שעוסקות בעניינים הבאים:

1. הקדמה המבארת כוונת המלך בספרו קהלת ומעניו ומליצת משליו. ועל מה הטבעו אדניו (דפים א'-ב'. תיאור ספר '''קהלת''' וכיצד שנאבר-לויזון הביא אותו כאן - כגון, בעיית הטעמים).

2. הקדמה שניה: ודרך הקדש לה (דפים ג'-ט'. דיון בלשון העברית בחשיבותה ובמבנה שלה - שמות נרדפים, בניינים וכד')

3. הקדמה שלישית: משמות הבורא יתברך... (דף ט'. דיון באמונה באל).

4. הקדמה רביעית (עמ' י'-יג'.  דיון במצוות בין אדם לחברו, במוסר).

5. הקדמה חמישית: ראיתי להעתיק פה. פרק אחד מספרי הרפואות אשר לי בלה""ק... (דפים יג'-טו'.
על ענייני בריאות, תזונה נכונה, הרגלי שתיה נכונים).


לאחר חמש ההקדמות מופיע טקסטים בשם ""דברי החכם המבאר ושאלתי עליהם"" ו""מקראות הדומות אלו לאלו בזה הספר יעידו איש על רעהו"" (דפים טו'-יז'. תיאור הנושאים בתוך ספר '''קהלת''', ולסיום מוסיף המחבר ""הערה""ביחס אליהם).,""לגוסטאף השלישי מלך צפון שלום עד בלי ירח"": המחבר מרעיף שבחים על מלך שוודיה, שהעניק לו תואר פרופסור. שנאבר-לויזון אומר כי דבריו אלה תורגמו למלך לשוודית על ידי שריו הנאמנים: ""הארכאטר רופא המלך"" ""וכהן המלך ראזני"" ושאר יודעי העברית בקרב חכמי המלך, כפי שתרגמו לשוודית את ספריו על הרפואר ""והויכוח"" שכתב באנגלית"
Preface226,ספר תכונת השמים,book415,1,"לוי, רפאל מהנובר","author,commentator",,"בדפים א' וב' מציג המחבר 10 עיקרים מתוך הגיאומטריה והמתמטיקה: מהי נקודה, מהו עיגול, זוויות, קווים מקבילים, יחס בין מספרים וכד'.,ללא כותרת (דף א'): לוי, רפאל מדבר על אובדן הידע של היהודים בגלות. מטרת סיפרו היא לבאר את הידע שהפך לסתום עבור היהודים, המצוי בסיפרו של הרמב""ם ""הלכות קדוש החודש"" - ידע זה מבוסס על האסטרונומיה העתיקה, והמחבר מתכוון לבאר אותה כדי שיהיה אפשר להבין את ספרו של הרמב""ם."
Preface227,ספר תפארת אדם,book417,0,"שיק, ברוך משקלוב",author,,"ללא כותרת: [2-4] עמ':
המחבר מספר על דבר מופלא שסיפר לו הרב צבי הירש מברלין הנוגע לתורת האור, שממנו יוצא כי האמת על האור היתה ידועה לאבותינו."
Preface228,ספר תפארת אדם,book417,2,אנונימי,,הקדמה,הקדמה: דפים א'-ג': המחבר מתאר את מקומו של האדם בעולם שיצר הבורא
Preface229,עובד ותרצה או ספרות מני קדם,book418,0,"בינג, אברהם בר",author,Vorbericht:,
Preface230,עין משפט,book419,1,אליקים בן אברהם,author,"""הקדמה"", דף [ב']: המחבר כותב כי חיבר את הספר ל""כל אשר נשאו ללמוד החכמה הזאת"", שכן בלעדיה אי אפשר להבין כפי שצריך אל פירוש המקרא ודברי רז""ל הבנויים עליהם.",
Preface231,עלים לתרופה,book422,1,"דובנא, שלמה",author,הקדמה - אליכם אישים אקרא וקולי אל בני אדם,"בהקדמתו, מציין המחבר מסורת ארוכת שנים של תרגום התורה ללשון המקום בו ישבו היהודים - החל בגלות בבל ולאורך הדורות.
אך הוא מבכה את העובדה כי אין בנמצא תרגום ראוי לגרמנית: ""אין איש שם על לב להעתיק תורתינו אל לשון האשכנזי המורגל כעת בעמנו"". תרגום אחד, של יקותיאל בן יצחק, איננו מקצועי כלל וכלל ונעשה על-ידי אדם שאינו שולט לא בשפה העברית ולא בשפה הגרמנית, לטענתו. לכן, היהודים נאלצים להעזר בתרגומים שנעשו על-ידי לא יהודים - תרגומים אשר אינם מסתמכים על ביאורי חז""ל."
Preface232,עמודי הלשון,book423,1,"Löwe, Joel",,פאררעדע,"בהקדמתו מציין המחבר כי בכוונתו להציג אלטרנטיבה לספרי לימוד השפה העברית הקיימים בזמנו, המשניאים את לימוד העברית על התלמידים ומרחיקים אותם מן השפה. בניגוד לגישתם - שלטענת ברי""ל מבוססת על לימוד בעל פה של כללי השפה - מבקש הוא להיצמד לתכנית שהתווה משה מנדלסון באור לנתיבה, דהיינו: לחבר ""דקדוק מיט הגיון, די שפראכלעהרע מיט דער פ'רנונפ'טלעהרע"" (עמ' [1])"
Preface233,עשרה מאמרות א,book426,0,אליקים בן אברהם,,הקדמה,
Preface234,עשרה מאמרות ג,book428,0,אליקים בן אברהם,,הקדמה,
Preface235,פירוש על שיר השירים,book431,1,"מרגליות, יהודה ליב בן אשר זליג","commentator,editor","""הקדמת הרב מוהרי""ל על דרך חדה"" (דף ל'): מרגליות חד חידה ופותר אותה. החידה עוסקת בעניין הלשוני והקושי בשימוש בעברית, וחותם באמירה: ""לכן טוב מכולם דרשות הגאונים הקדמונים השלמים והתמימים. והגיון לשונם הנאהבים והנעימים:"".",
Preface236,פנקס וכתב הדת,book432,1,"סטנוב, יצחק",author,,"הערה: עמ' [1], סטנוב משבח את הנדבנים שנותנים מכספם להוצאת ספרים, ובכך ""יחייהו חיי עולם וצדקתו עומדת לעד"", בעוד שצדקה חומרית ""יחייהו חיי שעה"" בלבד.
הוא טוען כי לסידורי התפלות והסליחות יש ביקוש רב של קונים, אך ספרי חוכמה אין להם דורש וכך אובדת החוכמה, ומשכילי העם ניתנים לחרפת רעב. הוא טוען כי עורר את נדיבי העם לתת כסף להוצאת ""ספרים חדשים עם ישנים וגם מועתקים"", כדי לאפשר קיום כבוד למשכילים."
Preface237,פעדאן,book433,1,"וייזל, נפתלי הרץ",,[אין כותרת],
Preface238,פרפראות לחכמה,book434,1,"פירדא, אלחנן מאיר בן אברהם","author,editor","""פאררעדע"": המחבר מסביר מדוע כתב את סיפרו בגרמנית באותיות עבריות: רוב היהודים יכולים לקרוא גרמנית, ותרגום לעברית רק יקשה יותר, ומתאר את יתרונותיו של סיפרו לעומת ספרים אחרים.",
Preface239,פרקי רבי אליה,book436,,,,,"הקדמת המחבר המקורי, אך לא הקדמת המביא לדפוס (מעבר לדברים שהובאו בעמוד השער)."
Preface240,פרקי רבי עקיבא,book437,3,"פופר, מרדכי",author,אל עין הקורא,"ב""מבוא לספר"" מבקש המחבר לספק רקע היסטורי לתקופה הנדונה, כולל פרטים על ""קורות עדת ישרון"" בתקופת חייו של רבי עקיבא ומידע על השליטים ועל מצבם המדיני של היהודים."
Preface241,קונטרס קורי עכביש,book453,0,"הנאו, שלמה זלמן",author,פתיחה,
Preface242,קורות שנות קדם א,book455,1,"פישר, מאיר",author,אן דען לעזער,"בהקדמה הכתובה בגרמנית באותיות עבריות טוען המחבר שבכוונתו לתקן את החסר בתחום ספרי ההיסטוריה הלא-יהודית הקיימים בעברית, ויתחיל בהיסטוריה עתיקה של רומי. הספר עוסק בעלייתה של הרפובליקה הרומית ועד נפילתה- בחלק הראשון הוא מסיים בעלייתו לשלטון של טארקוויניאוס."
Preface243,קנה המדה,book457,0,"שיק, ברוך משקלוב",translator,וזאת האגרת,"שיק פרסם בראש הספר את האגרת ששלח ל""אלופי קצינים ונגידים... ק""ק פראג המעטירה"". בהקדמה הוא מציין כי מטרת הספר ""להגדיל כבוד התורה... לכבוד והדר בעיני העמים והשרים... לרומם עטרת ישראל הנפולה, ולהראות את יופי לשון הקודש"". [עמ' 2, מיספור שלי]."
Preface244,ראשית למודים - 1775,book458,0,"פירדא, אלחנן מאיר בן אברהם",editor,הקדמת המחבר,
Preface245,ראשית למודים - 1775,book458,0,"פירדא, אלחנן מאיר בן אברהם",editor,התנצלות והקדמת המגיה,"""התנצלות והקדמת המגיה"": ""אם אמור יאמר עלי הקורא מה אמולה לבתך לא יראת לגשת ולהעתיק ספר הלזה הלא שלימים וכן רבים ממך אשר חלפו ועברו לא הי' די ידם ויראו ממנו להוריקהו מלשון ללשון אין זה כי אם גודל לבבך ורוח יתירה אשר בך ע""כ אתנצל אותי ואומר לא כן אנכי עמדי הנה יש באמתחתי חיבור מה שחברתי זה כמה שני' ויראתי להוציאו לאור ולהעמידני בין שורת חכמי' אמנם עתה באתי אין זה כי אם חסד ה' אשר חנני בזה למען לא ימנע טוב מבעליו ולמען לא יחסר כל טוב בזה החיבור אמרתי להעלות כאן אף שארי ידיעות כוללות מדברי אקלידוס אשר לא הביאן המחבר בעבור שלדעתו דברי' פשוטי' הן כאשר כתב בספר כללי הנדסה סי' ל""ד אמנם בהיות תועלתן מרובה והן עיקר לדיני המדות והשיעורים ע""כ ראויין לזוכרן והן: .....[א עד ז] והתמדה לזכור הידיעות הכוללות האלו צריכה להיותה ממש יתירה מהתמדה לזכור שארי דינים המובאים בחיבור הזה..."""
Preface246,ראשית למודים א,book459,1,"Bloch, Marcus Elieser",,דברי האדון הרופא החכם החוקר הטבעי המפואר,
Preface247,ראשית למודים א,book459,2,"Herz, Marcus",,מכתב מהאדון הרופא החוקר הפילוסוף הטבעי המפואר האפראטה ופראפעסאר,
Preface248,ראשית למודים א,book459,3,"Wessely, Hartwig",,מליצת החכם השלם המליץ המפואר,
Preface249,ראשית למודים א,book459,4,"Lindau, Baruch ben Jehuda Löb",,הקדמת המחבר,
Preface250,ראשית למודים ב,book460,1,"Wolf, Joseph",editor,"הקדמה, עמ' [2-6]: וולף מדבר על הקשר בין החכמה ונפש, ועל חשיבות החכמה להתקרבות אל האל. הוא טוען כי חכמת הטבע קרובה לאדם מחכמות אחרת, נעימה ומושכת, ומצטט מן הרמב""ם(?) ומספר האלים לחכם מקנדיאה כדי לתמוך בטענתו על חשיבות חכמת הטבע. אי לכך, יש חשיבות רבה לחנך את הנערים לחכמה זו. וולף מספר כי סיפרו של לינדא ראשית למודים - חלק א', זכה להצלחה, ולינדא הבטיח להוציא חלק נוסף, אך הוא לא הוציא את כתב היד שלו לאור. הוא מסר אותו ל""שלום כהן מבערלין"" (הכהן, שלום, עמ' [5]) שפרסם חלקים מן הפרק הראשון בהמאסף תקס""ט. פיליפסון, משה לקח על עצמו להביאו לדפוס ולהפיצו, וביקש מוולף, יוסף לערוך אותו, ולוודא שהוא עומד בסטנדרטים של מדע זמנו, וולף עשה זאת - הוא הוסיף הערות בהנדסה כדי להקל על הנערים המתחילים בלימוד זה, וגם הוסיף פיתוחים עדכניים של המדע. הוא אומר שאם הספר ימצא חן בעיני קוראיו, הוא יוציא ספר נוסף ""מלמודי הטבע בפרטיות הנמצאים"" )ראו הגדרות שהוא מציג בחלונית ""מבנה הספר"" בשדה ""מבוא"").","""מבוא הספר"", עמ' [7-11]:
וולף, יוסף החתום על מבוא זה, מגדיר בו את המונחים ""טבע"" (כל יצירי הטבע, כוח הטבע=אל, תכונות יצירי הטבע); ""חכמת הטבע"" (חקר/לימוד הטבע ופיסיקה) שנחלק ל-3 תחומים: 
1. ""ספור הטבע""(=נאטורגעשיכטע=דומם, צומח, חי, מדבר).
2. קורות הטבע - התפתחות יצורי הטבע.
3. למודי הטבע (=פיסיקה, הכרת הכוחות הפועלים בברואי הטבע), שהם יוצרים את ""תולדות או מראות הטבע"" (=תופעות טבע כגון, גשם, שלג... ברקים, רעמים וכד', שנגרמות על ידי חוקי הטבע הנצחיים ""חקות הטבע"", כגון, כח הכבידה.
""מלאכת הכימיא"" היא תורה העוסקת בהרכבם של החומרים הדוממים.
""הנדסה והשעורים"" (=מתמטיקה), שהם הבסיס למדע.
וולף טוען כי הכרת הטבע נעשית על ידי חושינו, והוא אף מגדיר את ההבדל בין המתודה המדעית של ה""בחינה"" (=תצפית, התבוננות) ולבין המתודה המדעית של ה""נסיון"" (=ניסוי). כדי לסייע לחושינו להכיר את הטבע, פיתחו חכמי הטבע כלים שונים. הוא מתאר את שיטת עבודתו של החוקר כאינדוקציה - הסתכלות על פרטים והגעה להכללות, אך טוען כי בחקר הטבע ישנם נעלמים רבים, ולכן רבו ההיפותזות השונות, שחלקן חסרות יסוד ואחרות מוסכמות ומתקבלות על הדעת. וולף מתאר את התהליך שעבר המדע במהלך הדורות, כמעבר מעיסוק בסיבות, להסתכלות במה שנמצא ובעריכת ניסויים, ולכן המדע התקדם מאוד אל האמת.
הוא מבחין בין ""חכמת הטבע הכוללת"" (חקר כוחות הטבע הכלליים) לבין ""חכמת הטבע הפרטית"" (חקר המאפיינים הפרטיים של ברואי טבע שונים). וולף אומר כי ספר זה מתרכז ב""חכמת הטבע הכוללת"", שיש בה תועלת לתלמידים.,וולף, יוסף אינו חתום על ההקדמה, אך ניתן להבין ממה שכתוב בה כי הוא כתב אותה."
Preface251,שבע פרקים הראשונים של ספר מלות ההגיון,book466,0,"הירש, איצק ליב",translator,אל בחורי חמד! שטאטט דער פאררעדע!,
Preface252,שבע פרקים הראשונים של ספר מלות ההגיון,book466,0,"הירש, איצק ליב",commentator,איינלייטונג,
Preface253,שבע פרקים הראשונים של ספר מלות ההגיון,book466,0,"מנדלסון, משה",commentator,הקדמת המפרש,
Preface254,שיחה בעולם הנשמות,book470,1,"לוויזון, שלמה",author,"""דברי המוציא את השיחה לאור"" (עמ' [1-3]): המחבר פונה אל ""אנשים חכמים ונבונים יודעי בינה"" (עמ' [1]) שאוהבים את השפה העברית. מטרתו לבאר את השפה העברית בשלושה תחומים: 1. שמושי בניני הפעלים, להם הקדיש את המאמר הראשון; 2. שמות הפעולה הנמצאים בספרי הקודש; 3. ביאור מילים ארמיות הנמצאות בספרי הקודש.","""שיחה בעולם הנשמות"", דפים א'-ג': סיפור מסגרת הכולל פגישה דמיונית בעולם הבא (?) בין נשמתו של ר' קמחי ויואל ברי""ל. מתוארת פגישה נרגשת לאחר פרידה. השניים עולים לפיסגת הר כדי לנאום ל""נפשות המשכילים האוהבות לשיח ולמשוע כל דברי חכמה"" (דף ב'). שאר הספר הוא לכאורה הדיון של השניים בנושאי דקדוק לשון עברית."
Preface255,שיר אשר נמסר למלכנו,book473,1,"למנס, משה",translator,קורא נעים!,
Preface256,שיר ידידות - תקע,book479,0,"בוכנר, זאב וולף",author,הקדמה לשיר ידידות,
Preface257,שירי תפארת א,book491,1,"Wessely, Hartwig",author,פתיחת המשורר,"בהקדמה, המחבר עוסק בשירה מבחינה תיאוריטית. הוא מדגיש את קדמוניותו ונפוצותו של השיר. בפתח דבריו הוא מציין: ""מראש ומקדם היה השיר כלי חפץ לאלהים ולאנשים. תראה כי כששפט העם את יציר כפו על חטאתו אשר חטא, נאמרו הדברים בדמות השיר. תוכחת השם לקין היתה בארח שיר. למך דבר לנשיו בארח שיר..."" (עמ' [1] בהקדמה) 
אך גם ""אם נרד מן ההר הטוב הזה, מכל אשר נמצא כתוב בספרי הקדש בדרך שיר, ונביט על פני תבל ארצה... גם הם יחדיו ישאו קול ירונו בשירים, כל אחד כפי דרכו וכפי כחו..."" (עמ' [2] בהקדמה)
לאחר שקבע את נפוצותו של השיר, מבקש המחבר ""להתבונן על החפץ הזה לשיר בשירים... לדעת על מה יסודתו ועל מה יוצר הנפשות ב""ה נטע כזאת נפשות יצוריו, כי בלי ספק מבע ה' הוא..."" (עמ' [3] בהקדמה)
המחבר מצהיר כי כוונתו בשירי תפארת היא לבאר את ""דברי התורה הסתומים"" (ליתר דיוק, את הדברים שנוגעים לגלות מצרים), שנכתבו ""בעט אלהי"" ועל כן ""לא רבים יבינו בם"". הוא הולך ""בדרך אבותינו הראשונים, לפרש אמרות אלהינו בארח שיר"". עם זאת, בהקדמה הוא מבחין בין יצירתו של המשורר לבין עבודתו של המפרש."
Preface258,שירי תפארת ב,book492,1,"Wessely, Hartwig",,פתיחת המשורר,"דבריהם של וולפסון וברי""ל אינם נושאים כותרת. בעותק ששימש למילוי השאלון, העמוד הראשון של דבריהם ממוקם בראשית הספר, בעוד העמוד השני מופיע בסופו. ייתכן כי העמוד השני מוקם בסוף הספר במהלך השימוש בעותק זה, כתוצאה מכך שדף זה נתלש וחובר שוב במקום הלא נכון."
Preface259,שירי תפארת ג,book493,1,"Wessely, Hartwig",author,פתיחת המשורר,
Preface260,שירי תפארת ד,book494,3,"Wessely, Hartwig",author,פתיחת המשורר,
Preface261,שירי תפארת ה,book495,1,"Wessely, Hartwig",author,דברי המחבר,
Preface262,שלמות וצורת הנפש או קשר הנפש עם הגוף,book500,0,"פירדא, אלחנן מאיר בן אברהם",author,הקדמת המבאר,
Preface263,שלמות וצורת הנפש או קשר הנפש עם הגוף,book500,0,"פרידלענדר, דוד",author,הקדמה,"הקדמתו של פרידלנדר מן המהדורה הקודמת: ""כתבתיו בחודש אדר ה'תחמ""זיין ליצירה""."
Preface264,תודת אמונת בית ישראל,book508,0,"היינמן, ירמיה",author,פתיחה,היינמן טוען כי ספרו זה הוא קיצור של דברים שכתב בספרו הקודם ודברים שיופיעו בספרו הבא. דברים אלה צריכים לשמוע מפי נער העולה למצוות. הספר נועד לסייע לרבנים או לאחרים בהבאת הנערים לטקס הקונפירמציה.
Preface265,תוכחת מגולה,book509,0,"וולף, יוסף",author,Vorrede,דברי ההקדמה - בחלק גרמני של הספר.
Preface266,תולדות נח אדער געשיכטע דער זינדפלוט,book510,0,"שוטלנדר, בנדיקט",author,פאררעדע,
Preface267,תולדות רבנו החכם משה בן מנחם,book511,1,"Euchel, Isaac Abraham",,"""מכתב לאיש בריתי, רעי כאח לי, יואל ברי""ל בשלחי לו מחברת זו"" [עמ' 10-1, מספור שלי]: אייכל פונה לידידו ברי""ל ומודה לו על ידידותו ועל כך שהראה לו את הדרך הנכונה. הוא מספר שהיה הולל ומועמד לגדול ללא השכלה, אך שינה את דרכו וזכה להגיע להשכלה.",
Preface268,תורת לשון עברית א,book512,1,"Cohen, Salomon Jacob",author,"""פאררעדע צור ערשטען אויפלאגע"" (""הקדמה למהדורה הראשונה,"" בגרמנית באותיות עבריות. ט.ק. הקדמה זו מופיעה לאחר עמוד השער המשותף לשלושת כרכי ""תורת לשון עברית"", ולכן שייכת לשלושת הכרכים גם יחד): המחבר טוען כי ישנם ספרי דקדוק עבריים, אך רק מעטים הם ספרי לימוד המיועדים להוראת דקדוק, ובפרט כאלה המתאימים לבתי ספר יהודיים-גרמניים. הוא מפרט את הנושאים השונים של שלושת כרכי הספר, ומסיים בהבעת תיקווה שהספר ישיג את מטרתו ויביא להפצת השפה העברית הטובה בקרב הנוער. כהן חותם בשיר מפרי עטו הנקרא ""אלה לשון"" - שיר מליצי המאחל לשפה העברייה לפרוח ב""גנת בית הספר את נטעת/ בעלי חנוך נערים רצונך יפיקו..."" עמ' [5].","במבוא לספר עוסק המחבר בקשר בין החברה האנושית ללשון האנושית, ובחשיבות הלשון בעיצובו של עם - ולכן, מקומה החשוב של העברית בעיצובו של העם היהודי, עמ' א'-ב'."
Preface269,תורת לשון עברית ב,book513,2,"Cohen, Salomon Jacob",author,"""פאררעדע צור צוויטן אויפלאגע"" (הקדמה למהדורה השניה), עמ' [6]. הקדמה זו מופיעה לאחר עמוד השער המשותף לשלושת כרכי ""תורת לשון עברית"", ולכן שייכת לשלושת הכרכים גם  יחד): המחבר מספר כי המהדורה הראשונה זכתה לתשבוחות, ואזלה במהירות. הוא מספר כי שיפר במהדורה זו בעיקר את החלק הראשון של סיפרו, ואילו בשני החלקים האחרונים לא ערך שינויים רבים. הוא מתאר אף מחלוקת שיש לו עם סוחר ספרים, שהביאה לכך ששני החלקים לא היו זמינים לקהל זמן רב).","""איינלייטונג"", עמ' [1-2]:המחבר עוסק בקשר ההכרחי בין תרבות אנושית ובין שפה, ובמיוחד השמות הם היסוד של השפה האנושית,ראו התייחסות לספר זה בהקדמות של 
תורת לשון עברית - חלק א'"
Preface270,תורת לשון עברית ג,book514,1,"Cohen, Salomon Jacob",author,"""פאררעדע צור ערשטען אויפלאגע"" (""הקדמה למהדורה הראשונה,"" בגרמנית באותיות עבריות. ט.ק. הקדמה זו מופיעה לאחר עמוד השער המשותף לשלושת כרכי ""תורת לשון עברית"", ולכן שייכת לשלושת הכרכים גם יחד): המחבר טוען כי ישנם ספרי דקדוק עבריים, אך רק מעטים הם ספרי לימוד המיועדים להוראת דקדוק, ובפרט כאלה המתאימים לבתי ספר יהודיים-גרמניים. הוא מפרט את הנושאים השונים של שלושת כרכי הספר, ומסיים בהבעת תיקווה שהספר ישיג אתמטרתו ויביא להפצת השפה העברית הטובה בקרב הנוער. כהן חותם בשיר מפרי עטו הנקרא ""אלה לשון"" - שיר מליצי המאחל לשפה העברייה לפרוח ב""גנת בית הספר את נטעת/ בעלי חנוך נערים רצונך יפיקו..."" עמ' [5].","ראו התייחסות לספר זה בהקדמות של 
'''תורת לשון עברית - חלק א''''."
Preface271,תלמוד לשון עברי,book516,0,"Ben Seew, Juda Löb",author,הקדמה,"חלק א' - ""מבוא-איינלייטונג"": תיאור אותיות, תנועות וטעמים (עמ' א'-לא').,בן-זאב מדבר על תכונותיו של האדם, המבחינות אותו מן החיות - השכל (=יושר ההגיון, הלוגיקה); הדבור (=יושר המבטא; גרמטיקה), והכתיבה (=יושר הכתיבה; ארטוגרפיה). הוא טוען כי היהודים מוכרחים ללמוד להכיר את שפתם העברית על בורייה, כמו שהלא-יהודים שולטים בשפתם-הם. הנסיבות הביאו לקושי עם העברית: א) 
""קיום הלשון בקיום אומתה"" (עמ' [4] של ההקדמה)- ובשל הגלות מיעטו לדבר בה ושכחו את השפה, כשהשריד היחידי שמשמר אותה הוא כתבי הקודש; ב) העברית אינה לשון מדוברת, והוראת העברית נעשית על ידי ""מורי הילדים אשר בזמנינו ובמדינותינו (זולתי הספרדים) רובם אינם יודעים מאומה מחכמת הדקדוק"" (עמ' [5] של ההקדמה). כמו כן, הריחוק בזמן ובמקום מן המקום בו היתה העברית חיה, יוצר קשיים ואי-הבנות של השפה. בן-זאב טוען כי אלה הן הסיבות שהניעו אותו לכתיבת הספר: א) יש צורך בספר 
דקדוק עברי מקיף, וכזה אין בנמצא; ב) יש צורך בספר שמבוסס על סדר לימוד עיקבי; 
ג) יש צורך בספר שבנוי על עקרון הלוגיקה של השפה, בהמשך לדרכו של מנדלסון, משה. בן-זאב 
מתאר את מבנה הספר שלו (ראו פירוט באצבע של שדה ""תוכן עניינים"" בחלונית ""מבנה הספר""), וחותם באמירה כי ספר זה יהיה אולי קשה ללמוד עצמי של ילדים ונערים."
Preface272,תפלה מכל השנה - תקמה,book523,0,"סטנוב, יצחק",editor,"הסכמות וחרמות הגואים ה""ה בס' ויעתר יצחק","בהקדמה מתאר סטנוב את הצורך להשתמש בספרי תפילות נכונים, וכי השתמש בקלף משנת רמ""ט שנקרה לפניו, כמקור לספר זה"