"Abhandlung von der Freiheit des Menschen","Scientific literature, Essay",
"Actenstücke zur Geschichte der Erhebung der Juden zu Bürgern der Republik Batavien","Informative text",
"Akten-Stücke die Reform der Jüdischen Kolonieen in den Preußischen Staaten betreffend",Polemics,Report
"An das Breslauer Publikum",,
"An die Herausgeber des hebräischen Sammlers über die frühe Beerdigung der Juden",Polemics,"Scientific text model"
"Anfangsgründe der Newtonischen Philosophie",,"Scientific literature, Treatise"
"Answer to Mr. Joshua Van Oven’s letters on the present state of the Jewish poor in London",,Polemics
"Apologie der Menschenrechte oder philosophisch kritische Beleuchtung der Schrift",Polemics,"Scientific literature, Essay"
"Apologie des juifs en réponse à la question",,
"Appel à la justice des nations et des rois",Manifesto,,"קריאה להגנת זכויות היהודים."
"Aufsätze verschiedenen Inhalts","Scientific literature, Essay",
"Balsam für die Wunde","Play, Poems, Meliza",Riddles,"טקסט פטריוטי"
"Beleuchtung der in den gegenwärtig bei dem Geheimen Ober-Tribunale schwebenden Fränkel-Marcuseschen Erbrechtsprozess einschlagenden jüdischen Rechte",,
"Bemerkungen über die bürgerliche Verbesserung der Juden",Polemics,"Scientific literature, Essay"
"Betrachtungen in Hinsicht der Jüdischen Nation",,
"Beweis, dass heutzutage in den K. K. Staaten die Juden zu Kriegsdienst ebensowohl verpflichtet sind als die Christen",,
"Beyträge zur Kritik des Geschmacks",,"Scientific literature, Essay"
"Bildnisse jetztlebender Berliner Gelehrten mit Ihren Selbstbiographieen",,"Personal writing, Autobiography"
Bne-Zion,"Catechisms, Textbook",
"Cantique adresse a Napoleon le Grand, empereur des Francois et roi d'Italie",,
"Cantique des cantiques",,
"Der Judenfreund. Oder auserlesene Anekdoten, Schwänke und Einfälle von den Kindern Israels",Polemics,"Poems, Other poetry","Wenige Gedichte."
"Der Messias oder Reform der Juden in religiöser und moralischer Hinsicht","Moral literature",Manifesto
"Der Prediger",Bi'ur,"Religious literature, Liturgy, Prayers"
"Der Pseudo-Haman oder Widerlegung der Schrift wider die Juden",Polemics,
"Der erste Mensch",,"Poems, Biblical epic poetry"
"Die Juden Oder Die nothwendige Reformation der Juden in der Republik Polen",Manifesto,
"Die Kuhpockenimpfung","Lecture, Speech",
"Die Moseide in achtzehn Gesängen","Poems, Biblical epic poetry",
"Die Psalmen","Biblical adaptation",Poems
"Discorso pronunziato nella grande sinagoga di Parigi, all'occasione dell'apertura del gran Sanhedrim",,
"Discours du Sr. Isaac Berr, Fabricant de tabac, Membre du Conseil municipal de Nancy, Département de la Meurthe, Député à l’Assemblée des Français professant la religion juive, convoquée par décret impérial du 30 mai dernier",,
"Discours prononcé dans la Synagogue de Cassel, le 15 Novembre 1810, anniversaire de la naissance de S. M. le Roi de Westphalie",,
"Discours prononcé par M.r Israel Jacobson ... lors de la dédicace du Temple de Jacob à Seesen",,
"Ein Psalm an Bonaparte",Poems,
"Ein Wort zu seiner Zeit, die neuern Ansichten des Pentateuchs betreffend","Scientific literature, Essay","Scientific text model, Scientific instruments mentioned"
Einheitsgedichte,"Poems, Biblical epic poetry",
"Einige jüdische Familienscenen, bey Erblickung des Patents über die Freyheiten, welche die Juden in den kaiserlichen Staaten erhalten haben",,Play
"Elementarunterricht in der Religion aus der Natur und der heiligen Geschichte",Catechisms,"Biblical adaptation, Textbook"
"Entwurf einer Geschichte der Armen und Armenanstalten",,"Scientific literature, Essay"
"Etwas zum Schutz des angegriffenen Gebrauchs der ebräischen Sprache bei den Gebeten der Juden in den Königlich Preußischen Staaten",,"Informative text","המודל:
הבעת עמדה אישית"
"Etwas zur Charackteristick der Juden",Polemics,"Scientific literature, Essay"
"Freudenruf bey der gluecklichen Ankunft unseres ... Koenigs Friedrich Wilhelm II","Poems, Poems for special occasions",
"Freudiges Loblied unserm allergnädigsten König Christian dem Siebenten und dessen Thronerben gewidmet, oder, Ode auf die frohe Gegenwart","Poems, Other poetry",,"שיר פטריוטי"
"Gebete der hochdeutschen und polnischen Juden",,"Proverbs and sayings, Proverbs, Religious literature, Liturgy, Prayers"
"Gesammelte Actenstücke und öffentliche Verhandlungen über die Verbesserung der Juden in Frankreich 1",,
"Geschichte der Juden von ihrer Rückkehr aus der babylonischen Gefangenschaft bis zur Zerstörung des zweyten Tempels","Scientific literature","Scientific text model, Scientific instruments mentioned"
"Gottes Ehre und unser Nutzen oder Glückseligkeit im Glauben","Informative text",
"Grammatica ragionata italiana ed ebraica con trattato, ed esempj di poesia",,Textbook
"Gründlicher Unterricht in der Jüdischdeutschen Schreibart",Guidebook,,"לוי עצמו מגדיר את ספרו כ-
Lehrbuechlein
מטרתו: 

[ich] werde bestreben… die Erläuterung des Jüdisch-deutschen … faßlich … darzustellen, daß der Wißbegierige dieselbe in weniger als zwey Monaten von selbst, ohne weitern Unterricht, erlernen kann…"
"Herrn I. A. Euchel und A. F. Wolff bey Ihrer Abreise gewidmet von einigen Freunden","Poems, Poems for special occasions",
"Hinterlassene Gedichte 1",Poems,"Personal writing, Biography"
"Histoire de l'établissement des juifs à Bordeaux et à Bayonne, depuis 1550",,
"Israelitischer Kinderfreund",,"Catechisms, Textbook, Hornbook, Reader"
"Israelitischer Kinderfreund Oder Handbuch der gemeinnützigsten wissenschaftlichen Kenntnisse","Textbook, Reader",
"Jeremias Klagegesänge",,
"Jerusalem oder über religiöse Macht und Judentum",Manifesto,Polemics
"Jeschurun, oder unparteyische Beleuchtung der dem Judenthume neuerdings gemachten Vorwürfe",Polemics,"Epistolary literature","טקסט אפולוגטי נגד התקפות על היהדות/ היהודים שנעשו בתקופה."
"Jonas Jeitteles","Personal writing, Biography",
"Juden, sind sie der Handlung schädlich?","Informative text",
"Kampf der jüdischen Hierarchie mit der Vernunft",Polemics,Bi'ur
"Kehilath Jahacob",,
"Klagelied, welches ... am Tage der Beysetzung des ... Königs ... Friedrichs des Fünften ... die Juden in Altona ... abgesungen haben",,"Poems, Poems for special occasions"
"Les premiers pas de la nation juive vers son bonheur sous les auspices du grand monarque Napoléon",,
"Lesebuch für Jüdische Kinder","Textbook, Reader",Blessings
"Letters on the present state of the Jewish poor in the metropolis","Epistolary literature, Epistolary literature (real)",
"Lettre Circulaire",,
"Lettre au rédacteur du Progresseur",,
"Lettre ou Reflexions d'un Milord a son correspondant a Paris",,
"Leviathan oder Ueber Religion in Rücksicht des Judenthums","Scientific literature, Essay",
"Moses Mendelssohns Morgenstunden oder Vorlesungen über das Daseyn Gottes","Informative text, Lecture",
"Mémoire à consulter et consultation pour les cytoyens français professant le culte judaïque à Bordeaux, connus sous le nom de juifs portugais et avignonnais",,
"Nachricht von der Jüdischen Haupt- und Frey-Schule in Deßau - 1776","Poems, Elegies",
"Nachricht von der Jüdischen Haupt- und Frey-Schule in Deßau - 1804",Report,
"Nachricht von der Jüdischen Haupt- und Frey-Schule in Deßau - 1809","Poems, Biblical epic poetry, Poems for special occasions","Religious literature, Liturgy"
"Nahum neu übersetzt und mit Anmerkungen versehen",Textbook,"Religious literature"
"Napoleon oder über den Fortschritt der Regierung","Scientific literature, Essay",
"Ode à Sa Majesté Jerôme Napoléon, roi de Westphalie",,
"Peri Hachedwah",Poems,"Informative text"
"Predigt des Herrn Oberabbiners Rabbi Salomon Kohn",Speech,,"הטקסט הינו דרשה. בראש הטקסט כתוב: ""תוכן הדרוש"".

חלק מתפילה קהילתית לכבוד המלך."
"Prieres ... a l'usage des Juifs portugais ou espagnols 1",,
"Prieres ... a l'usage des Juifs portugais ou espagnols 2",,
"Prieres ... a l'usage des Juifs portugais ou espagnols 3",,
"Prieres ... a l'usage des Juifs portugais ou espagnols 4",,
"Prière prononcée le 5 mars 1768 par les Juifs avignonois & avignonois de Bordeaux, demeurant à Paris",,
"Recueil de lettres patentes",,
"Rede am Dankfeste wegen des von Seiner Majestät dem Könige von Westphalen den Unterthanen juedischer Nation ertheilten Buergerrechts",Speech,Lecture
"Rede bei der Einweihung des Jakobs-Tempels zu Seesen",Speech,
"Rede bei der Feier der Geburt eines Enkels des Durchlauchtigsten Herzogs von Braunschweig-Lüneburg",Manifesto,,"המודל המתאים יותר כאן הוא ""הגיגים"", אבל כיוון שאינו קיים הכי קרוב הוא מניפסט"
"Rede gehalten am Jubelfeste der israelitischen Hauptschule in Prag den 10. Mai 1812",,"Poems, Poems for special occasions, Speech"
"Rede gehalten in der Versammlung der Gesellschaft zur Unterhaltung einer jüdischen Freyschule",,Speech
"Rosenlied der Korahiten",Poems,
"Réflexions sur la régénération complète des Juifs en France",,
"Salomo und Joseph II.",,"Biblical adaptation, Biblical history"
"Salomon Maimon's Lebensgeschichte 1","Personal writing, Autobiography",
"Salomon Maimon's Lebensgeschichte 2","Personal writing, Autobiography",
"Sammlung der Schriften an die Nationalversammlung, die Juden und ihre bürgerliche Verbesserung betreffend",Manifesto,
"Schreiben eines deutschen Juden an den amerikanischen Präsidenten O.",,
"Seconde lettre circulaire en defense des Juifs Portugais",,
"Sendschreiben an Seine Hochwürden Herrn Oberconsistorialrath und Probst Teller",Dialogue,Polemics
"Sendschreiben an meine Brüder die Israeliten in Westfalen die Errichtung eines jüdischen Consistoriums betreffend","Informative text","Epistolary literature, Epistolary literature (fictional)","הטקסט כתוב בצורת מכתב."
"Statuten der neuen Beerdigungs-Anstalt der Jüdischen Nation in Hamburg",Manifesto,
"Trauer-Gedicht auf den Tod Ihrer Majestät der hochverewigten regierenden Königin Luise Auguste Wilhelmine Amalia, Gemahlin Seiner Majestät Friedrich Wilhelm des Dritten, regierenden Königs von Preuβen","Poems, Elegies",
"Trauerrede über das Ableben des weisesten Monarchen ... Friedrich des Zweiten",,Speech,"נאום הספד זה נישא, לפי הכותרת, בפני חברי הקהילה היהודית של ברלין, לאחר מותו של פרידריך הגדול."
"Ueber Moses Mendelsohns Tod",Biography,"Personal writing"
"Ueber die Religion der Ebräer vor Moses",Essay,"Polemics, Scientific literature"
"Ueber die Verbesserung des Judenthums",,,"מודל: הבעת דעה"
"Ueber die Verfassung der Juden im Königreiche Baiern und die Verbesserung derselben zum Nutzen des Staats",Manifesto,
"Ueber die bürgerliche Verbesserung der Juden",Polemics,,"הספר נכתב כהגנה על הענקת זכויות אזרח ליהודים."
"Ueber die, durch die neue Organisation der Judenschaften in den Preußischen Staaten nothwendig gewordene, Umbildung",Manifesto,
"Unterthänigste Vorstellung an Seine Hoheit den Fürst Primas der Rheinischen Konföderation über Höchstdessen neue Stättigkeits- und Schutzordnung für die Judenschaft in Frankfurt am Main",Manifesto,"Epistolary literature, Epistolary literature (real)"
"Verein! der Mosaischen Geseze mit dem Talmud in zwey Abhandlungen","Informative text",
"Verteidigung der jüdischen Nation gegen die in den Provinzialblättern enthaltenen Angriffe",,
"Von dem Daseyn Gottes die selbst redende Vernunft",,"Moral literature, Scientific literature, Essay"
"Von den Krankheiten der Juden","Informative text","Scientific literature, Essay"
"Wahrheiten zur göttlichen Weisheit",,
"Worte der Wahrheit und des Friedens an die gesammte jüdische Nation",,
"Zaphnath-Paneach Oder Sammlung moralischer Lehren, Sprüche, Erzählungen und Gedichte, aus dem Talmud und andern heiligen Schriften","Textbook, Reader",,"Sammlung verschiedener Schriften"
"Zweite Nachricht von dem Zustande der Jüdischen Freischule in Berlin",Report,
"Zwölf Fragen",Manifesto,
"Über die Verbesserung des Judeneids","Scientific text model, Concise phrasing",
אבטליון,"Textbook, Reader","Biblical adaptation, Biblical history, Biblical stories"
"אבל יחיד","Poems, Elegies",,"בהמשך לשיר הקינה,  ישנו גם טקסט שמסביר ענייני דקדוק בנוגע לשיר.
לפני השיר, מסביר  דובנא את משקלו. שמו של עמדן באכרוסטיכון."
"אגדת ארבע כוסות",,"Elegies, Sayings"
אגרות,"Epistolary literature, Epistolary literature (real)",
"אגרת אדר היקר","Belles-lettres, Allegory","Proverbs and sayings, Sayings","בהקדמה מתאר המחבר את סיפרו כעוסק ביצר הרע והמסית - בדמות געל בת מלך רעל, למול היצר הטוב וידיעת החכמה - בעלה ירובעל."
"אגרת ארחות עולם","Scientific literature",
"אגרת בית תפלה","Informative text",Story,"סטנוב מנתח דקדוק של מילים בעברית, ומציג סיפורים מוסריים שונים, למשל, סיפור על כפרי ששמע פעם ראשונה בחייו עוגב, והחליט לחטוב עץ כדי לייצר לו כלי נגינה אבל לא הצליח לנגן היטב, אך גם לא הצליח יותר לעבוד בעבודות הכפר כמקודם (דף לד'-לה')."
"אגרת הראשון לחנך לנער בכתב ולשון","Epistolary literature",Textbook
"אהבת ציון",,"Travel literature"
"אוצר השרשים א","Informative text, Lexicon, Dictionary",
"אוצר השרשים ב","Informative text, Lexicon, Dictionary",
"אוצר השרשים ג","Informative text, Lexicon, Dictionary",
"אור אסתר oder Beleuchtung der im Talmud von Babylon und Jerusalem, in den Targumim und Midraschim vorkommenden fremden besonders lateinischen Wörter",Lexicon,
"אור טוב",,
"אור לוסטרו",,
"אור לנתיבה","Informative text",
"אורה ושמחה",,
"אורה ושמחה ליהודים","Blessings, Religious literature, Liturgy, Prayers",
"איש עניו",,
"אל ראשי עם קדש בני ישראל",,
"אלה בני הנעורים",,Poems
"אלה דברי הברית",,
"אלה הם השירים",,
"אלון בכות",,Dialogue,"עיקר החיבור מציג שיחה דמיונית בין הרב יחזקאל לנדאו ומשה מנדלסון הנפגשים בעולם הבא."
"אמירה נעימה","Religious literature, Liturgy, Speech",,"דרשה ותפילה פטריוטיות."
"אמר הצעיר ...",,Polemics
"אמרי שפר",,"Moral literature, Textbook, Reader"
"אן דיא עלטרן דער ווילהלמס-שילר",Report,
"אנקת השיר",,
"אקטא אסתר מיט אחשורוס",,
"אשכר אקריב",,
"באור מלות ההגיון","Informative text",
"בית האוסף","Informative text",
"בית הספר א","Poems, Textbook, Reader","Belles-lettres, Parable, Biblical adaptation, Biblical history, Poems, Other poetry, Religious literature, Liturgy"
"בית הספר ב","Textbook, Reader","Belles-lettres, Parable, Poems, Meliza, Proverbs and sayings, Aphorisms, Epigrams, Proverbs, Sayings"
"בית יעקב","Informative text, Religious literature",,"החלק השני של הספר: שו""ת"
"בנות השיר","Poems, Meliza","Dialogue, Moral literature, Religious literature"
"בער פרץ",,
"בריב שטעללר אדער פתשגן הכתב","Epistolary literature",Textbook
"ברכת פועלים",Blessings,
"בת יפתח","Biblical adaptation, Play","Poems, Meliza","חלק מן הדברים שאומרות הדמויות במחזה מובאים בצורת שירים מליציים"
"גבולות ארץ","Informative text",
"גבעטי דער יודן אויף דאס גאנצי יאהר",,"Religious literature, Aggadah/Midrash, Liturgy, Prayers"
"גילת ורנן",,"Poems, Poems for special occasions"
"גמול עתליה",,"Biblical adaptation, Biblical stories, Play, Poems, Biblical epic poetry"
"גן נעול א","Informative text",
"גן נעול ב",,"Informative text"
"דבר בעתו",,Manifesto,"אני לא בטוחה שכך יש להגדיר את המודל הטקסטואלי -מניפסט - אך זוהי ההגדרה הקרובה ביותר. הטקסט הוא למעשה גילוי דעת של מחברו, הנוגע לסיטואציה אקטואלית-פוליטית בעלת השפעה על מצב היהודים בקהילות הללו."
"דברי יאזעף השני האחרונים",,Speech,"דברי יוסף השני מנוסחים כמעין נאום, אם כי אין וודאות שמדובר בנאום פומבי. אלה מעין דברי סיכום על מאמציו כשליט, תוך פניה לאל אשר הפקיד בידו את השלטון."
"דברי ריבות א","Dialogue, Story",,"בסגנון הוויכוח שב'''כוזרי'''"
"דברי ריבות ב","Dialogue, Story",,"בסגנון הוויכוח שב""כוזרי"""
"דברי שלום ואמת א",,"Epistolary literature, Manifesto"
"דברי שלום ואמת ב",,Dialogue
"דברי שלום ואמת ג",,"Epistolary literature, Epistolary literature (real), Poems, Polemics"
"דברי שלום ואמת ד",,Polemics
"דרוש על השלום",Speech,,"מדובר בדרשה שנישאה בביתה הכנסת.
כמו כן, מדובר בטקסט פטריוטי (ראו אצבע של נושאים להלן)"
"דרך איש ישר","Moral literature",
"דרך חיים","Informative text, Poems","Personal writing, Autobiography","האוטוביוגרפיה הינה קצרה למדי וחלקית, ומשמשת מקור להרהורים. היא מהווה רק חלק קטן מהספר."
"דרכי נעם","Belles-lettres, Informative text",,"מטרת הספר להדפיס מחדש את סיפרו של משה חביב ושל עזרי', וגם ללמד את דרכי השירה ומאפייניה"
"דרכי נעם אדער איבערזעצונג פאן ספר משלי",,Textbook
"דת ישראל oder Das Judenthum 1","Catechisms, Textbook","Moral literature"
"דת ישראל oder Das Judenthum 2","Catechisms, Textbook","Moral literature"
"האמונות והדעות",,
"האנד לעקסיקאן","Lexicon, Dictionary",
"הדרכת הילד אדער ערסטער אונטערריכט פיר קינדער פאן דרייא ביס פינף יאהרען","Textbook, Reader","Belles-lettres, Parable, Religious literature, Liturgy, Scientific text model"
היסטאריע,,Dialogue,"הטקסט עוסק ברוביזון, ומוצג בצורת שיחה בין אב לילדיו"
"המצאה חדשה מדבר שין",Textbook,
הנפש,"Informative text",
העתקה,"Lexicon, Dictionary",,"מדובר במילון קצר המציג מילים המופיעות אצל ברטנורה ולקוחים משפות שונות. לצד כל מילה מופיעה המקבילה ב""לשון המשנה"", באיטלקית ו""דייטש"" או ""אשכנזית"" - דהיינו בגרמנית באותיות עבריות. כמו כן, מצוין המקום המדויק במשנה בו מופיעה המילה."
"הפטרה לשחרית יום הכפורים","Religious literature, Liturgy",,"אמנם הטקסט בספר זה לקוח מן הנביאים, אולם הוא נבחר בשל היותו חלק מן התפילה ביום הכיפורים, והמתרגם בהקדמתו ממקם אותו בהקשר זה (ועל כן מצוין כאן ""ליטורגיה"" כמודל טקסטואלי"")."
"הפטרות מכל השנה א","Bi'ur, Religious literature",
"הפטרות מכל השנה ב","Bi'ur, Religious literature",
"הפטרות מכל השנה ג","Bi'ur, Religious literature",
"הפטרות מכל השנה ד","Bi'ur, Religious literature",
"הפיוטים והפייטנים",,"Informative text, Lexicon","הספר מוקדש לתיאור היסטורי ביוגרפי של כותבי הפיוטים, ומסודר אלפבייתית על פי שמותיהם."
"הקולות יחדלון או משפט שלום",,"Play, Poems","הטקסט הוא מחזה אלגורי."
השלום,,"Poems, Poems for special occasions","שיר פטריוטי."
"השלום - תקסב",,"Poems, Other poetry","שיר פטריוטי."
"התעוררות שמחה וששון ... ליהודים ק""ק אשכנזים ... אשר בעיר אלטונא ... בראותם את יקר תפארת ... קריסטיאנוס השביעי מלך דענימרק ונארוועגן",,"Poems, Religious literature, Liturgy","תפילות ואודה לכבוד המלך, טקסטים פטריוטים."
"זאת חנוכת הבית","Poems, Piyyut, Religious literature, Liturgy, Prayers",
"זה ספר בית המדות","Informative text, Moral literature",Poems,"מרגליות שילב שירים קצרים לאורך הטקסט. למשל, בדף כא', כו' ועוד."
"זה ספר זכר צדיק","Personal writing, Biography",
"זה ספר טוב ויפה","Informative text","Riddles, Story","הדיון מתנהל במסגרת דיאלוג בין שני אחרים, ושזור בסיפור המסגרת הבא: אדם אחד היו לו שני בנים: ידעיה ושמעיה. הם אהבו לקרוא ספרי תכונה. ידעיה מציע כי הם יפנו לפילוסוף המפורסם של תקופתם (לפי פיינר, ""הדרקון הכרוך על הכוורת"", זהו רמז למשה מנדלסון). שמעיה לא מעוניין בכך. הדיון הוא בין מי שתומך בידיעה (ידעיה) לבין מי שמצדד בקבלה (שמעיה) - ומרגליות מעדיף את הראשון (ראו פיינר, ""הדרקות הכרוך על הכוורת"").
בדף יג' מופיעה חידה."
"זה ספר פשר דבר","Religious literature, Commentary",
"זכרון יוסף",,"Religious literature, Commentary, Scientific text model","את הספר פותח פירוש על מסכת כלאים, פרק ה', משנה ה'."
"זענד-שרייבן אן דיא דייטשי יודן",,Polemics
"חותם תכנית","Epistolary literature, Epistolary literature (real), Poems","Informative text","הספר כולל שני חלקים:
1) שיר מאת אביגדור לוי עם הערות מרובות, למעשה טקסט עיוני בפני עצמו.
2) המשך ההתכתבות בין המחבר לבין משה מנדלסון."
"חי בן מקיץ","Epistolary literature, Moral literature, Travel literature",
"חכמת יהושע בן סירא",Bi'ur,
"חלקת מחקק",,Bi'ur
"חשק שלמה",,
"יום מלכים ימלוכו","Poems, Poems for special occasions, Religious literature, Liturgy, Prayers",,"הספר כולל קטעים מספר תהלים, ראו חלון ""חוקר ומקורותיו"" סעיף ""הערות"""
יונה,Bi'ur,
"יושבי תבל",Play,"Poems, Meliza, Proverbs and sayings","בראש הספר שיר מליצי הפונה למחבר שיר השירים - שלמה המלך"
"ילדות ובחרות או נתיבות החנוך והמוסר","Belles-lettres, Allegory, Parable, Play","Dialogue, Poems, Meliza, Scientific text model, Scientific instruments mentioned","המחבר משלב בטקסט משלים: משל גור האריות (עמ' [28-31]); משל  היין והחומץ (עמ' [55-56]. מתוך '''תענית''', דף ז'); משל המצפן  (עמ' [68-71])."
"יריעות שלמה א","Informative text, Textbook",Poems,"ישנו שיר מאת המחבר בפתח הספר."
"יריעות שלמה ג","Informative text, Textbook",
"כוס ישועות, oder Kelch des Heils","Textbook, Reader",
"כימיאה אדער שיידיקונסט א","Informative text","Scientific literature, Scientific text model, Concise phrasing, Frequent use of numbers"
"כלילת אהבה","Poems, Poems for special occasions",
"כתר מלכות לרזב""ד",Poems,
"להט החרב",Polemics,,"הספר יוצא בצורה מופגנת נגד אהרן וולפסון, הוא ""אהרן בן זאב הכי קרא שמו בן זאב? טרוף יטרף ילדי העברים בלימודיו הנשחתים"". דברי המחבר מכוונים נגד ""הכת החדשה"" (בדברי הפתיחה).
את חרבו השלישית מכוון נגד ""איש מבית לוי יצחק שמו"", הוא יצחק סטנוב."
"לוח הפעלים","Informative text",
"לוח עלות השחר","Scientific text model, Professional phrasing",
"לוחות בניני הפעלים עם משקלי השמות",Lexicon,,"המודל הטקסטואלי של טקסט זה הכי קרוב ללקסיקון. מדובר בלוחות פעלים."
"לוחות העיבור א","Scientific text model, Concise phrasing, Professional phrasing",,"הופעת טבלאות וחישובים רבים."
"לוחות העיבור ב","Scientific text model, Frequent use of numbers, Professional phrasing",
"לייכטזין אונד פרעממעלייא",,"Play, Purim spiel","וולפסון בהקדמתו במחין בין המחזה שלו לבין סוגים קודמים של מחזות לפורים, חסרי התועלת. הוא מציין כי מחזה זה מיועד ""צור בלוסטיגונג אן אונזרם פורים פ'עסטע, אן דער שטעללע דער זאנסט גוועהנליכ'ן זינלאזן אונד צוועקווידריגן הארלעקינאדן""."
"לישרים תהלה",,"Poems, Meliza","מחזה אלגורי.  האנשה של מדות אנושיות ומוסריות."
"לכבוד איש מהולל",,"Poems, Poems for special occasions"
"לכבוד הגביר","Poems, Poems for special occasions",
"לכבוד המושל הגדול",,"Poems, Poems for special occasions"
"לעבענס בשרייבונג יאזעפס II","Personal writing, Biography",
"לשון הזהב",Textbook,
"מאמר אמרה צרופה",,"Scientific literature, Essay"
"מאמר התורה והחכמה","Informative text","Scientific text model, Concise phrasing, Frequent use of numbers, Professional phrasing, Scientific instruments mentioned"
"מאמר חקור דין","Scientific literature",
"מאמר מגיד חדשות","Informative text",
"מאמר צדק ועוני או עוז הצדק","Informative text",Poems
"מבוא אל מקראי קדש","Informative text",
"מבוא הלשון","Informative text",,"המביא לדפוס מתמקד בעיניני דקדוק, כפי שהצהיר במבוא (ראו חלון ""מבנה הספר"" סעיף ""מבוא"")."
"מבחר הפנינים","Moral literature",
"מגילת אסתר","Religious literature",
"מגלת איכה",,Bi'ur
"מגלת חסידים א",Parable,Belles-lettres
"מגלת קהלת",Bi'ur,
"מגלת רות",,Bi'ur
"מגלת שיר השירים",,Bi'ur
"מדבר סין","Lexicon, Dictionary",Riddles
"מדרש מלים לשונות עברית ואשכנזית","Lexicon, Dictionary",
"מה נכבד היום הזה","Religious literature, Liturgy",
"מודע לבני בינה oder Kinderfreund und Lehrer 1","Catechisms, Proverbs and sayings, Textbook, Hornbook, Reader",
"מודע לבני בינה oder Kinderfreund und Lehrer 2",Textbook,"Biblical adaptation, Biblical stories","שני החלקים הראשונים של הספר עוסקים בדיקדוק העברית."
"מודע לילדי בני ישראל","Textbook, Reader","Belles-lettres, Parable, Informative text, Poems, Biblical epic poetry, Meliza, Religious literature, Liturgy, Riddles, Story","חידה - עמ' קמח'"
מודעה,Polemics,
"מורה נבוכים א",,
"מורה נבוכים ב",,
"מורה נבוכים ג",,
"מזמור לתודה לאלהינו",,Poems,"שיר פטריוטי, תפילה, בעברית ובתרגום לגרמנית."
"מזמור שיר","Poems, Poems for special occasions, Religious literature, Liturgy, Prayers",
"מזמור שיר לבאנאפארט","Poems, Other poetry",,"ז'אנר השיר: אודה"
"מחברות עמנואל","Poems, Meliza, Story",
"מחברת חיי הנפש ונצחיותה","Moral literature",
"מחזה שדי",Poems,,"לחובר ופאהן לפניו מאפיינים את השיר ""מחזה שדי"" כ""מעין חקוי לחזיונות דנטי בקומדיה האלהית שלו""."
"מחזור לחג השבועות - 1805","Bi'ur, Religious literature, Liturgy",
"מחזור מנהג פולין ליום כפור - 1803","Bi'ur, Religious literature, Liturgy",
"מחזור מנהג פולין ליום ראשון ושני של פסח - 1800","Bi'ur, Religious literature, Liturgy",,"הידנהים זוכה לתשבוחות מן המסכים ארי' ליב ברעסלא על כך שהוא הוציא טעויות ושיבושים, ומגיש נוסח מתוקן ומשובח."
"מחזור מנהג פולין ליום ראשון של ראש השנה - 1800","Bi'ur, Religious literature, Liturgy",,"ישנם גם שירי יחוד ושיר הכבוד, ובעמוד האחרון ""תפלה לשליח ציבור"""
"מחזור מנהג פולין ליום שביעי ושמיני של פסח - 1800","Bi'ur, Religious literature, Liturgy",,"עוד מופיעים שיר הכבוד, שירי ייחוד ושיר השירים"
"מחזור מנהג פולין ליום שני של ראש השנה - 1800","Bi'ur, Religious literature, Liturgy",
"מחזור מנהג פולין לערבית ליום כפור - 1800","Bi'ur, Religious literature, Liturgy",,"הטקסט כולל שירי ייחוד ליום א' וד', שיר כבוד ותפילת כתר מלכות לאבן גבירול"
"מחזור מנהג פולין לשמיני עצרת ולשמחת תורה - 1805","Bi'ur, Religious literature, Liturgy",
"מטעי קדם על אדמת צפון","Play, Poems, Biblical epic poetry, Religious literature",,"החלק הראשון הוא בסגנון אפוס מקראי ועוסק באברהם  אבינו
החלק השני עוסק  בחיי דוד המלך - ונכתב בסגנון ספר תהילים
החלק השלישי  עוסק במעשה נבות היזרעאלי, ונכתב בסגנון מחזה"
מכתב,"Epistolary literature","Manifesto, Scientific text model"
"מכתב מרפא לנפש","Epistolary literature",
"מכתבי הרבנים",,
"מלוכת שאול","Biblical adaptation, Play, Poems, Biblical epic poetry",
"מליצה לפורים",,"Poems, Meliza","הספר הוא ""קובץ 'תפילות' ו'סליחות' כביכול, שהן חיקויים...לתפילות וסליחות מקובלות באומה ויש בלשונן הרבה דברי היתול והלצה"". קלוזנר, היסטוריה, א', 187."
"מנחת אהבים",,"Poems, Poems for special occasions"
"מנחת בקורים","Epistolary literature","Book review, Riddles","הספר כולל מכתבים בין סטנוב לבנו שינמן, בקורת ספרים שהתפרסמה בהמאסף, ופתרון חידות שהופיעו בהמאסף."
"מנחת נדבה",,"Poems, Poems for special occasions"
"מסכת אבות","Religious literature, Aggadah/Midrash",
"מערכי לב","Poems, Poems for special occasions",
"מציאת הארץ החדשה א","Informative text, Story",Belles-lettres
"משא בערב",,Poems,"הקטגוריה המתאימה להגדרת הספר היא: ספרות מסע.
הספר מסתיים בשיר קצר."
"משלי אגור א","Belles-lettres, Parable",
"משלי אסף א","Belles-lettres, Parable","Poems, Meliza, Concise phrasing, Scientific instruments mentioned","בראש הספר מופיע שיר מליצי המהלל את סטנוב ואת סיפרו"
"משלי אסף ב","Belles-lettres, Parable","Riddles, Scientific text model, Concise phrasing, Scientific instruments mentioned"
"משלי אסף ג","Belles-lettres, Parable","Poems, Meliza, Scientific text model, Concise phrasing, Scientific instruments mentioned"
"נבואת הילד",,"Poems, Meliza","צריך להוסיף כאן מודל טקסטואלי נוסף: ""נבואה"".
בסופו מופיע שיר מליצי"
"נתיב לשון עברית","Lexicon, Dictionary",,"הלקסיקון מגיע רק עד האות ""ג""."
"סדר הגדה על פסח","Religious literature, Liturgy",
"סדר לוח הבנינים ולוח משקלי השמות",Textbook,,"מדובר בלוחות בנינים, שנועדו לתלמידים הלומדים לשון עברית"
"סדר סליחה","Religious literature, Liturgy",
"סדר קינות לתשעה באב","Bi'ur, Religious literature, Liturgy",
"סייג לתורה","Informative text",
"סלת מנחה בלולה","Religious literature, Aggadah/Midrash, Commentary",
"ספר אגרת המליצה ומשפט לשה""ק",,"Informative text"
"ספר אגרת הקדש","Epistolary literature",
"ספר אור לעת בקר","Personal writing, Autobiography",,"זהו כתב הגנה עצמי, שבמסגרתו מתאר המחבר את הביוגרפיה האישית שלו"
"ספר אור עולם","Informative text","Poems, Meliza","בעמוד האחרון לספר - שיר מליצי"
"ספר אור עולם קטן א",,
"ספר איוב","Religious literature",
"ספר אמרי בינה","Dialogue, Story","Scientific text model"
"ספר בחינות עולם","Religious literature",
"ספר בית נאמן",,"Moral literature, Poems, Meliza"
"ספר ברכת יוסף",Poems,"Informative text"
"ספר דבר טוב",,Textbook
"ספר דברי יושר א",,"Guidebook, Textbook"
"ספר דברי יושר ב",,"Lexicon, Dictionary"
"ספר דברי נגידים",Speech,"Lexicon, Dictionary","נאומים שנישאו במהלך דיון ציבורי בדבר מעמדם החוקי של היהודים, לאחר הקמת הרפובליקה הבטאווית בהולנד.  
3 עמודים אחרונים (מעמ' עא/א): ""לוח '''פירוש המלות הזרות''' מלה""ק ובלתי נודעים הנמצאים בחבור זה, בלשון אשכנז ולפעמים גם בלשון צרפת"".
המתרגם מביא גם שני קטעים נוספים (חוקה?):

1) ""'''דתי האומה באטאווע'''"". ""העם באטאווע, התחברו להיות לעם אחד אשר לא יתחלק, השכילו, שההפסד בנהוגי אומה הוא, אשר לא יכירו בחברתיה, דת אמתי מהרות אנושי בטבע. לכן המה מבררים שדתות הנזכרים בזה, יהיו השורש אמתי, אשר עליהם יסדו דתי נהוגי מדינתם ועליהם ינטה הקו, לתקן תועלת תושביה ונהוגי אומה. ואז רשימה של 72 ""יסודי דת"".

2) ""'''דתי המדינה'''""."
"ספר דניאל",Bi'ur,
"ספר דקדוק אליהו הלוי האשכנזי",Textbook,
"ספר דרך ההשגחה",,
"ספר דרך ישרה",Guidebook,
"ספר האורב",,Polemics
"ספר הברית א","Informative text",
"ספר הגדרים","Lexicon, Encyclopedia",
"ספר הגלוי והחתום","Informative text",
"ספר הולך תמים",,"Poems, Meliza","הספר הוא דיון פילוסופי במהות השלמות. לא הייתי בטוחה כיצד לשייכו כאן.
בסוף פרק תשיעי ואחרון מופיע שיר קצר."
"ספר החזיון א","Belles-lettres, Parable","Poems, Scientific text model, Professional phrasing, Scientific instruments mentioned","המודל הספרותי הוא מקאמה, לפי ברכה בן-שמאי, ברכה. 2002. '''אידיאלים ומגמות של תנועת ההשכלה במאה ה-18 כפי שמשתקפים ב""ספר החזיון"" של יצחק סאטנוב.''' עבודת גמר לתואר ""מוסמך"". אוניברסיטת תל-אביב.
מודל משני הוא משל (אילה צריכה לתקן ולתת אפשרות לערוך הבחנה בין מודל ראשי ומשני כאן)."
"ספר היכל עונג",,
"ספר הכוזרי - תקנ''ה",Dialogue,"Informative text, Poems, Meliza, Scientific text model, Professional phrasing, Scientific instruments mentioned","שיר מליצי קצר חותם את הספר"
"ספר הכוזרי - תקנ''ו",,
"ספר הלכה למעשה",Textbook,
"ספר המדות - 1784","Informative text","Scientific text model, Scientific instruments mentioned, Story","בסיפור המסגרת מופיע שר בשם יעקב העמוני שמגיע לעושר רב, וחי חיי נהנתנות ופריצות מינית, אותם מעודד  שר אחר ששמו נועם. בסופו של דבר הוא לוקה במחלה קשה, שמקורה בחולי נפשי. יועציו יועצים לו לפנות לאדם חכם בשם יאיר המדברי, והוא כותב לו אגרת ומבקש את עזרתו. שאר הספר כולל את אגרת התשובה של יאיר המדברי, העוסקת במבנה הנפש, בצרכיה וכד'. בין השאר משולב ידע מדעי, מוזכרים מכשירים מדעיים כגון, המיקרוסקופ  (דף לו')."
"ספר המדות א","Scientific literature",Poems,"מהדורה חדשה של תרגום ספר המדות לאריסטו."
"ספר המדות א - תקמ""ו",,"Moral literature"
"ספר המדות ב","Moral literature, Scientific literature",
"ספר העקרים",Catechisms,,"על המודל בו בחר בעת עריכת הספר כותב אליהו מפינטשוב בהקדמתו:
""ולמען המשיך את הלבבות אל זה הספר הצגתי הכל בדרך שאילת תלמוד ורב באמרי שפר זה שואל וזה משיב זה אומר וזה מקשיב ..."""
"ספר השרשים א","Lexicon, Textbook",
"ספר השרשים ב","Lexicon, Textbook",
"ספר ויעתר יצחק","Lexicon, Dictionary, Encyclopedia",,"סטנוב מציג מילים עבריות ועוסק במקורן ובמשמעותן"
"ספר זבד המליצה",,
"ספר זכר רב","Moral literature, Poems",,"לפי 
Fishman, The Jews of Shklov, p. 69
שניתח את מהדורתו המאוחרת יותר שערך נפתלי הרץ שולמן, זהו:
a moralistic treatise in rhymed meter praising the marvels of God and His creation."
"ספר זמירות ישראל א",Bi'ur,"Lexicon, Dictionary"
"ספר זמירות ישראל ב",Bi'ur,"Lexicon, Dictionary","מודל הספר הינו זה של הביאור. אך נוסף גם פירוש קדום יותר, של ספורנו."
"ספר זמירות ישראל ג",Bi'ur,"Lexicon, Dictionary"
"ספר זמירות ישראל ד",Bi'ur,
"ספר זמירות ישראל ה","Informative text",
"ספר זרע קודש","Religious literature, Commentary",,"לפי פישמן,
exegetical treatise on the first three verses of Leviticus 19"
"ספר חכמת השרשים",,
"ספר חכמת שלמה",,"Moral literature","חסר מודל עיקרי. ספרים חיצוניים."
"ספר חק לישראל",,"Religious literature, Halachic literature"
"ספר חקי חיים","Informative text, Textbook",,"זהו ספר דקדוק עברי"
"ספר טורי ישפה","Poems, Meliza",
"ספר יד חיים",,
"ספר יסוד חנוך נערים",Textbook,"Informative text"
"ספר יסוד מורא",,,"מודל מתאים לא קיים כאן - צריך לחשוב על הוספה של מודל נוסף ""דרשנות/ הבעת דעה/הרצאה מלומדת""??
מחבר הטקסט מביע את דעתו ביחס לאמונה באל, חשיבות חוכמות חיצוניות, מצוות וכד'"
"ספר יסוד עולם","Scientific text model, Concise phrasing, Professional phrasing","Poems, Meliza"
"ספר כליל החשבון",Textbook,"Poems, Meliza, Scientific text model, Concise phrasing, Frequent use of numbers, Professional phrasing","בסוף ההקדמה (דף ט') מופיע שיר בין 6 שורות, הפונה אל מבקרי הספר. בסיומו רשם המחבר את ההערה הבאה:
""בכל חרוזה ארבע עשרה תנועות"".

בעמ' האחרון של הספר (אחרי קכח') מופיע מליצה נוספת בת 8 שורות הפונה לקורא ומשבחת את הספר העוסק בחשבון בשפה העברית."
"ספר כרם עין גדי","Religious literature, Commentary",,"מטרת החיבור היא ""להסביר על דרך 'החקירה' את רמזי הפזמון מן ההגדה 'חד גדיא'"". פיינר, יהודה הורוויץ, עמ' 120."
"ספר כתב יושר",,Dialogue,"חוקרים רבים רואים בספר זה ""הסטירה העברית הראשונה בספרות העברית החדשה"" (קלוזנר, א', עמ' 358 ואחרים)."
"ספר כתר מלכות","Religious literature, Liturgy",
"ספר לשון למודים",,Textbook
"ספר מאזנים",,
"ספר מאיר נתיב הלשון א",Textbook,
"ספר מגלה סוד",,"Informative text, Religious literature, Commentary"
"ספר מגלת סדרים",,
"ספר מודע לבינה","Epistolary literature, Scientific literature",,"כל האגרות ממוענות לאברך ""מהו'... שי'""."
"ספר מכלול","Informative text",Poems
"ספר מלחמה בשלום","Biblical adaptation, Biblical stories, Play",,"המחבר לוקח פסוקים מן התורה ומוסיף עליהם רבות.
כדברי נותני ההסכמה: ""המחבר ראשי יונקותיו קטף מדברי חז""ש במדרשים ומדברי גדולי המפרשים רק שלעת מצא בדבריהם הערה כחודה של מחט הרחיב בה מענהו כפתחו של אולם באמרי נועם ומליצות צחות ומשלים וחידות להמשיך לב הקורא."" 
הספר מורכב מדיאלוגים בין הדמויות.
בדיאלוגים ישנם משלים, סיפורים, ויכוחים פילוסופים ותיאולוגיים ועוד. (דוגמא לסיפור ארוך המסופר מפיו של לוי על מלך הודו: עמ' כז/ב.)
בין התוספות: ""מכתב מיעקב ליוסף"", שמביאים האחים בבואם למצרים. המכתב כתוב בחרוזים.
לדברי פישמן (יהודי שקלוב), עמ' 73-74, כתיבת מחזה היתה תופעה כה נדירה עד כי המחבר התקשה למצוא מילה מתאימה לחיבורו. הוא תארו כ""מחברת הלצית על דרך הויכוח""."
"ספר מלים לאלוה",,"Lexicon, Dictionary"
"ספר מלכים א",,Bi'ur
"ספר מלכים ב",,
"ספר מנחה חדשה א",Bi'ur,
"ספר מנחה חדשה ב",Bi'ur,
"ספר מנחה חדשה ד",Bi'ur,Poems,"יהודה בן זאב, כותב ההקדמה והמבוא, רואה בפרויקט מנחה חדשה המשך ישיר למפעל שהחל בו משה מנדלסון עם תרגום התורה וס' תהילים.
ישנו שיר מאת בן זאב לרגל הדפסת הספר."
"ספר מנחה חדשה ה",Bi'ur,
"ספר מנחה חדשה ו",Bi'ur,
"ספר מנחה חדשה י",Bi'ur,
"ספר מנחה חדשה י""א",Bi'ur,
"ספר מנחה חדשה י""ב",Bi'ur,
"ספר מנחה טהורה",Bi'ur,Textbook,"לפי פיינר (היציאה מברלין, 417), פרויקט זה ""נועד להיות מפעל המשך ל'ביאור' המנדלסוני""."
"ספר מסלול",Textbook,,"מדובר בספר לימוד מובהק. המחבר מבקש מן הקורא/התלמיד/המורה להתקדם בלימוד השפה לפי הסדר שהוא קבע: ""החבור הזה הוסד על שמירת סדר המוקדם והמאוחר. ולא ימצא בו זכרון איזה כלל הצריך אל הקדמת איזה ידיעה אשר איננה מבוארת מקודם לכן במקום הראוי לה..."" (בתוך ""האבן השלישית"" בהקדמה). 
וכן: ""המסלות האלה מסודרות באופן שכל אחת מהן היא הקדמה אל המסלה שאחריה... לכן כל הקרב להשתמש בזה החבור גבר במסלתו ילך ואל יצא מאחת מהן אל מה שאחריה עד אשר יכונו לפניו כל דרכי המסלה הקודמת לה"" (""האבן השביעית"") 
מכיוון שהספר מיועד לקהל צעיר, המחבר בחר במודע בשפה קלה: ""בעבור שכוונתי בזה הספר להיותו לתועלת ילדי בני ישראל, לכן כתבתי את כל האמור בו בלשון קלה ומבוארת... גם בהעתקתי דברים מספרי המדקדקים ככתבם וכלשונם, בחרתי בדברי מי שמבאר הענין היטב בלשון קלה להבין לתלמידים... ואולם כל הדבר הנמצא במאמרם אשר העתקתי וקשה להבין למתחילי', כתבתי באורו במקומו בין שני חצאי עגול..."" (""האבן הרביעית"" בהקדמה)
שיקולים פדגוגיים שיחקו תפקיד בסינון החומר מתוך ספרי המדקדקים שכתבו לפניו: ""והנה המדקדקים האחרונים האריכו עד מאד במשפטי הנקוד וחדשו כללים רבים, ואמנם אנכי לא יצאתי בזה בעקבותיהם ולא הבאתי את כל דבריהם במסלת הנקוד. רק הוצאתי מהם הכללים אשר בלעדם לא ירים איש את ידו לבנות הפעלים והשמות... אותם הכללים שעיקרם הוא לתקון הקריאה בלבד...המה לא יבואו במסלות האלה, אחרי ראותי שאין זכרם מסכים עם כוונת עניננו בזה מאמר, כי כל עוד שלא ידעו המתחילים דרכי נטית הפעלים והשמות אי אפשר להם לעמוד על יסודות הכללים ההם ולא יהיו נשמרים בלבבם כראוי, וקרוב הדבר להיותם סבה לבלבול דעת התלמידים אשר לא נסו ללכת באלה"". מי שחפץ בכך, כותב המחבר, יוכל לגשת בעצמו אל אותם ספרים (ה""מצויים ביד כל אדם"", כדבריו), כשהוא מצויד ביסודות שירכוש בספר הזה. (""האבן התשיעית"" בהקדמה)"
"ספר מעגל ישר","Informative text","Poems, Meliza","לאחר הקדמת המחבר מופיע שיר מליצי בשם ""שיר למעלות ולתפארת הלשון"", שמפאר את הלשון העברית"
"ספר מעדני מלך","Guidebook, Story",
"ספר מערכת אברהם",,
"ספר מעשי יהוה א","Biblical adaptation, Biblical stories",
"ספר מעשי יהוה ב","Biblical adaptation, Biblical stories",
"ספר מצפה יקתאל",,"Polemics, Religious literature, Halachic literature","כפי שפיינר מציין, ברלין כתב את ספרו ""בקודים ובסגנון המקובלים בספרות ההלכתית, כדי להראות שהרב כהן [נגדו יצא] נכשל לאורך כל הדרך [בספרו תורת יקותיאל] בשימושו בטכניקות הלמדניות, ותלמיד חכם רציני ימצא בו רק דברי הבל, טעויות אין ספור ומסקנות מגוחכות..."" (פיינר, מהפכת הנאורות, עמ' 308)"
"ספר מקוה ישראל","Informative text",
"ספר נאוה קדש",,"Religious literature, Halachic literature, Scientific text model, Professional phrasing, Textbook","ההקדמה השניה לספר, ""הקדמות ומושכלות ראשונות מחכמת המדידה"", הופכת את הספר למעין ספר לימוד. כלולים בה יסודות הגיאומטריה ועוד. ההקדמה מבקשת להעביר לקורא מונחים בסיסיים לשם לימוד המדע <ins>בעברית</ins>. לדוגמא: ""מלת כמות נאמר על דבר שיש לו מכין או מדה או משקל, ובל""א (גראסע)"" (שורה ראשונה בהקדמה זו). המונחים המקצועיים מתחום המדע מוצגים לעיתים בשלוש שפות: עברית, לטינית וגרמנית."
"ספר נזד הדמע","Moral literature",
"ספר נתיבות השלום א",Bi'ur,
"ספר נתיבות השלום ב",Bi'ur,Poems,"שיר מאת וייזל לכבוד הפרויקט והעוסקים בו."
"ספר נתיבות השלום ג",Bi'ur,
"ספר נתיבות השלום ד",Bi'ur,
"ספר נתיבות השלום ה",Bi'ur,
"ספר עוללות הבוחן",Bi'ur,
"ספר עין דור",Textbook,
"ספר עמוד השחר","Religious literature, Commentary","Poems, Meliza, Scientific text model"
"ספר עמודי בית יהודה",,
"ספר עמודי השמים","Scientific text model",
"ספר עמק השוה","Informative text, Moral literature",Poems,"""ראש אמנה"" - החלק הראשון של הספר, הוא פרשנות נרחבת לשיר המופיע בתחילתו"
"ספר עצי עדן",Speech,Guidebook,"מדובר בטקסט דרשני, הכולל הדרכה לדרשנים"
"ספר פשר דבר",,,"המודל: הבעת דעה."
"ספר צוהר התיבה",Textbook,
"ספר צחות המליצה","Epistolary literature",,"נראה כי חלק מן המכתבים כתב המחבר עבור עצמו, ואחרים עבור אחרים . עדות על כך באיגרת פ""ג (ראו זהר, עוללות מבציר, עמ' 20).

לפי זהר, עוללות מבציר (למשל, עמ' 27), אגרותיו של בוכנר מגלים קווים ז'ורנאליסטים מובהקים, בתקופה שבה עתונות עברית אינה קיימת עדיין. לטענתה, ""בכל השייך לתכנים הוא סולל באגרותיו דרך לכתיבה עתונאית במזרח אירופה, שהיתה כידוע החלוצה בתחום העתונות העברית."""
"ספר צל המעלות","Proverbs and sayings, Proverbs","Moral literature","לפי צינברג, ""נקבצו בו 365 פתגמי מוסר בפרוזה מחורזת."" """
"ספר רוח חן","Religious literature, Commentary","Scientific text model, Frequent use of numbers"
"ספר רפואות הנקרא עזר ישראל",,"Informative text"
"ספר רפואת העם",Guidebook,
"ספר שאלות ותשובות בשמים ראש",,"Religious literature, Halachic literature","על השימוש המכוון בסוגה רבנית כדי לערער על הסמכות הרבנית ראו דעתו של פלאי, הריפורמה הדתית."
"ספר שבילי דרקיע","Guidebook, Religious literature, Commentary",
"ספר שומר אמונים",Catechisms,,"בעמוד השער מופיע מעל הכותרת בעברית: 
Catechismus Integer Iudaeorum"
"ספר שערי זמרה",,Textbook
"ספר שערי נעימה",,Poems
"ספר שפה ברורה",,"Informative text"
"ספר שפתי רננות","Informative text",
"ספר תהלים",,Bi'ur
"ספר תוכחת מגילה","Religious literature, Commentary","Informative text","מרבית הספר מוקדש לפרשנות של '''קהלת'''"
"ספר תורה כולה",Manifesto,"Epistolary literature, Epistolary literature (real)","הטקסט תומך בהלנת מתים במסגרת הפולמוס שהתחולל בעולם היהודי על עניין זה.

בעמודים האחרונים של הספר מופיעים מכתביהם של יואל ברי""ל ('''חרב לה'''') ומשה מנדלסון (מכתבו לקהילת שוורין), בלווית תרגומיהם ללגרמנית באותיות עבריות."
"ספר תכונת השמים","Informative text","Scientific text model, Concise phrasing, Frequent use of numbers, Professional phrasing"
"ספר תלדות ישראל",,
"ספר תפארת אדם","Scientific text model",
"עובד ותרצה או ספרות מני קדם",Play,"Biblical adaptation","המחזה דמיוני, וממוקם בתקופת המלך שפטיה, במקום המכונה ""כלנה""."
"עין משפט","Informative text",,"הספר עוסק בדקדוק עברי"
"עלה תרופה","Scientific literature, Treatise","Religious literature, Commentary"
"עלות המנחה","Play, Poems",
"עלים לתרופה",Bi'ur,
"עמודי הלשון",,"Guidebook, Textbook","בהקדמתו, מציין המחבר כי הספר הינו ספר להדרכת המורים בלימוד השפה העברית - ""האנדבוך""."
"עמק הבכא",Speech,,"הטקסט הינו הספד שנשא ברוך ייטלש עם פטירתו של הרב יחזקאל לנדא."
"ערוגת הבושם",,,"הטקסט הוא ""פרסומת"" לספר בשמים ראש שברלין מבקש להדפיס. זו למעשה פנייה להשגת מנויים מראש."
"עשרה מאמרות א",,"Scientific text model, Concise phrasing, Frequent use of numbers, Professional phrasing, Scientific instruments mentioned"
"עשרה מאמרות ב",,"Scientific literature, Treatise"
"עשרה מאמרות ג",,"Scientific literature, Treatise"
"עשרה מאמרות ה","Informative text",Riddles,"בעמ' הראשון של הספר מופיעה חידה."
"פירוש על חד גדיא","Informative text, Religious literature, Commentary",
"פירוש על שיר השירים","Religious literature, Commentary",,"הספר עוסק בפירוש לשיר השירים"
"פנקס וכתב הדת",,,"יש להוסיף תחת מודל טקסטואלי ""תקנון"""
פעדאן,,"Dialogue, Personal writing, Biography","הספר פותח בהצגת קורותיו של סוקרטס ותורתו."
"פרפראות לחכמה","Informative text",
"פרקי אבות",Bi'ur,
"פרקי רבי אליה",,
"פרקי רבי עקיבא","Play, Poems",,"בהקדמתו הראשונה, מסביר המחבר את החריזה שבשיריו (""השירים מי""א תנועות, ומלעיל בסוף דלתותיהם, וחרוזיהם משושים א""ב ג""ו ד""ה"")."
"צחות בדקדוק","Informative text",,"הספר עוסק בניתוח דיקדוקי של השפה העברית: שמות, פעלים וכד'."
"צייט געשיכטע",,"Informative text"
"קול הצירים תחת השיר","Poems, Elegies, Speech","Informative text","החיבור כולל  דברי הספד, שיר הספד, רשימת כתביו של וייזל, נוסח המצבה שלו בעברית ובגרמנית."
"קול מבשר",,Bi'ur,"פרסום ל""מנחה חדשה"". כולל דוגמא - העונה למאפיינים של הביאור."
"קול מבשר משמיע שלום",,"Poems, Poems for special occasions, Polemics"
"קול נהי","Poems, Elegies",
"קול קורא לאחינו בני ישראל",Manifesto,
"קול רנה",,"Poems, Other poetry","שיר פרטיוטי."
"קול רנה ותודה","Poems, Poems for special occasions, Meliza, Religious literature, Liturgy, Prayers",
"קול רנת היהודים אשר בעיר שקלאב","Poems, Poems for special occasions",
"קול שועת בת יהודה","Belles-lettres, Allegory",Manifesto
"קול שחל",Poems,
"קול שמחה","Poems, Poems for special occasions",,"השירים לכבוד החתונה משולבים במעין סיפור על המשתה שנערך לכבוד האירוע ועל קבוצת משוררים ""יודעי מלאכת השיר ומביני מדע בחכמת המשל והמליצה"" שחיברו כביכול באופן ספונטני שירים לכבוד החתן והכלה."
"קול שמחה, או, נצוח החכמה",Play,"Poems, Poems for special occasions","שיר הזדמנות - לרגל חתונתם של יעקב בנו של דוד קניגסברג, ושרלוטה בתו של שלמה הירץ.

המחזה הוא אלגוריה, ומופיעות בו הדמויות הבאות: חכמה, תבונה, זריזות, סכלות, קנאה, כבוד, עושר, הבל ויגון."
"קונטרס מספר הזהר חיבורא תניינא","Religious literature, Aggadah/Midrash",
"קונטרס קורי עכביש","Informative text",Polemics,"פולמוס: הספר יוצא נגד מכפישי ספרו של הנאו, ""צוהר התיבה"". כדבריו בהקדמה: ""חכם אחד בק""ק פראג... מאסף אליו תלמידים רבים"" ומלמדם את תורת הדקדוק, ""כדי לעשות לו שם כאחד הגודלים אשר בארץ. ולהשקות את העדרי' עדרי צאן קדשים היה שואב מים חיים מן הבאר אשר כריתי לי כל למודו היה בספר צוהר התיבה אשר חברתי. וירפוש את המים ברגלו רגל גאוה אחרי שתות מהם לרוות את צמאו... בכל מקום אשר לא ירד לסוף דעתי ונעלם ממנו ולא ידע איזה דרך ישכון אור החכמה תלה החסרו בי... ר' מאי""ר שמו רוד""ה ב[...]"". תלמידיו של ר' מאיר העבירו אליו השגות ששמעו אצל המורה, והוא שמע דברים נגד חיבורו גם מפיו של איש אחר. ""לכן הציקתנו רוח בטני להראות סכלותם ודעתם המשובשת ושגגתם העולה זדון פן ישתו התלמידם הבאים אחריהם... על כן ערכתי מלין בצדקתי החחזקתי ולא ארפה"""
"קורות העתים א",,"Informative text"
"קורות שנות קדם א","Informative text, Textbook","Poems, Meliza"
"קורות שנות קדם ב","Informative text","Scientific text model, Frequent use of numbers"
"קנה המדה","Scientific text model, Concise phrasing",
"ראשית למודים - 1775",Textbook,"Scientific literature, Treatise"
"ראשית למודים א","Informative text, Lexicon, Encyclopedia, Textbook","Scientific text model, Concise phrasing, Frequent use of numbers, Professional phrasing, Scientific instruments mentioned"
"ראשית למודים ב","Informative text","Scientific text model, Concise phrasing, Frequent use of numbers, Professional phrasing, Scientific instruments mentioned"
"ראשית לקח",Catechisms,
"רודף מישרים",,Polemics
"רוח נכון",,Poems
"רנת דודים","Poems, Poems for special occasions",,"שיר לכבוד נישואי יואל ברי""ל."
"רסיסי לילה","Poems, Meliza",,"מדובר בפרסום של ""מודעה"" - פנייה לקהל בבקשה לחתום לצורך הוצאת הספר. המודעה שתחת ידי כרוכה כמו ספר, אך לא בטוח שכך יצאה לאור."
"שבע פרקים הראשונים של ספר מלות ההגיון",Bi'ur,
"שדה תבונה",Polemics,,"לפי פיינר, יהודה הורוויץ, עמ' 151, חיבור זה משקף את תחושתו של הורוויץ כנרדף על דעותיו. ""בדפים אלה... יצא הורוויץ להגנתו בפני מתקיפיו, ובתחושה של מי שנעשה לו עוול ולא ירדו לסוף דעתו דחה את הביקורת מכל וכול וטען להיפוכם של דברים - שבספרו יצא להגן על האמונה, ו'לא עשיתי בית אלקים למערת פריצים'."""
"שורש דבר",Textbook,,"ספר עזר שאמור לשמש כנספח לספרו של אותו יוצר - ""זכר רב"" (בעריכתו). הספר מורכב כולו מרשימת שורשים ולצדם הפניה למקום ב""זכר רב"" בו מופיע השורש."
"שיחה בין שנת תק""ס ובין שנת תקס""א",,"Belles-lettres, Allegory, Dialogue"
"שיחה בעולם הנשמות","Dialogue, Informative text",
"שיר - תקכז","Poems, Meliza",,"טקסט פטריוטי"
"שיר - תקעא","Poems, Poems for special occasions",
"שיר אשר נמסר למלכנו","Blessings, Poems",
"שיר ורנן","Religious literature, Liturgy",
"שיר ותודה","Poems, Poems for special occasions",
"שיר ותפלה","Poems, Poems for special occasions, Religious literature, Liturgy",,"בנוסף לתפלה לנפוליון ולקסרית מריה לואיזה ולבנו של נפוליון, מופיע גם טקסט תפילה מתוך '''תהילים''' עב"
"שיר ידידות - תקנ","Poems, Poems for special occasions",,"שיר ברכה לנישואים השלוח לברוך לינדא על ידי חברת שוחרי הטוב והתושיה"
"שיר ידידות - תקנט","Poems, Poems for special occasions","Religious literature, Liturgy","הספר כולל שיר הלל ותודה לדניאל איציג, במלאות לו 76 שנים, ותפילה לאל שיברך את איציג ובני ביתו. בעמוד האחרון מופיע עץ משפחת איציג, הכולל את 13 צאצאיו, בלוויית תאריך הולדתם"
"שיר ידידות - תקע",Poems,
"שיר כלולות - תקמח",,
"שיר כלולות - תקע",,"Poems, Poems for special occasions"
"שיר מזמור",,"Poems, Poems for special occasions, Religious literature, Liturgy","לאורך הטקסט מופיעות חלוקה לדברי החזן והקהל. בחלק הראשון מזמורי תהלים כא', מה' ועב'. אח""כ מופיעה תפילה המוקדשת לוילהלם החמישי ולאישתו, וברכה גם לשליטים ומלכים נוספים  - מלך הולנד, צרפת ועוד."
"שיר רנן ושמחה","Poems, Poems for special occasions",,"שיר פטריוטי לכבוד המלך."
"שיר שלום","Poems, Poems for special occasions",
"שיר תהלות","Poems, Poems for special occasions",
"שיר תודה","Blessings, Poems, Poems for special occasions, Religious literature, Liturgy, Prayers",
"שיר תודה ושמחה","Poems, Poems for special occasions",,"שיר פטריוטי"
"שיר תודה ותפלה",,"Poems, Poems for special occasions, Religious literature, Liturgy, Prayers","תפילה: תפילה פטריוטית."
"שירי תהלה ב",,Poems
"שירי תהלות","Religious literature, Liturgy, Prayers",,"תפילה לכבוד ילדי המלך."
"שירי תפארת א","Biblical adaptation, Biblical history, Biblical stories, Poems, Biblical epic poetry",
"שירי תפארת ב","Biblical adaptation, Biblical history, Biblical stories, Biblical epic poetry",
"שירי תפארת ג",,"Biblical adaptation, Biblical history, Biblical stories, Poems"
"שירי תפארת ד","Biblical adaptation, Poems, Biblical epic poetry",
"שירי תפארת ה","Biblical adaptation, Poems, Biblical epic poetry",
"שירים ורננות","Poems, Poems for special occasions, Religious literature, Liturgy, Prayers",
"שירים ותשבחות - תקסז","Poems, Religious literature, Liturgy, Prayers",
"שירים ותשבחות - תקעא","Poems, Religious literature, Liturgy, Prayers",
"שירת דודים","Poems, Poems for special occasions, Meliza, Story",,"סיפור חלומו של יאיר המדברי, שחולם חלום שמזעזע אותו: נוגה וצדק מגינים על הירח. רעו פוגש אותו ואומר ופותר לו את חלומו, ויאיר המדברי משתמש בחוויה המיסטית הזו לכתוב שירים לרגל החתונה.
וסיפור נוסף על רעים שנסעו לסין: חושם התימני וצלק העמוני, בחוזרם לארץ הדני הם מגיעים לביתו של גביר שביום זה ממש מחתן את בנו. צלק פוצח בשיר."
"שלמות וצורת הנפש או קשר הנפש עם הגוף","Informative text",
"שפת אמת",Manifesto,
"שפת עבר","Poems, Poems for special occasions",,"השיר נכתב לרגל ביקורו של הנדיב יאקובסון בבית הספר של בוק, כפי שרשום בכותרת הספר."
"שרייבן אן דיא ווירדיגן מיטגלידר זעמטליכ'ר ... חברות גמילות חסדים",Polemics,
"תבנית חברת שוחרי הטוב והתושיה",,Manifesto
"תהלה - 1807",,Poems,"השיר הוא מסוג אודה 
ODE"
"תהלה אל שיא המלוכה","Poems, Poems for special occasions, Religious literature, Liturgy",,"בחלק הראשון מופיע שיר הלל לשליט, ובחלק השני תפילה לאל שיברך אותו"
"תהלה ותודה","Poems, Poems for special occasions",
"תודת אמונת בית ישראל",Catechisms,
"תוכחת מגולה",Speech,,"המדובר בדרשות."
"תולדות נח אדער געשיכטע דער זינדפלוט","Biblical adaptation, Biblical stories","Moral literature","באשר ל'ספרות מוסר' מציין המחבר לקראת סוף הקדמתו כי הוא משתמש במכוון ב'גייסטרייכ'ן אונד ערבויענדן שטיהל' וכי אחת ממטרותיו העיקריות היא לחנך להתנהגות מוסרית ראויה."
"תולדות רבנו החכם משה בן מנחם","Personal writing, Biography","Epistolary literature"
"תורת לשון עברית א","Informative text, Textbook","Poems, Meliza","לאחר השער המשותף לשלושת הכרכים, מופיע בעמ' [4-5] שיר מליצי פרי עטו של המחבר (ראו פירוט בהקדמת המחבר)."
"תורת לשון עברית ב","Informative text, Textbook","Poems, Meliza","לאחר השער המשותף לשלושת הכרכים, מופיע בעמ' [4-5] שיר מליצי פרי עטו של המחבר (ראו פירוט בהקדמת המחבר)."
"תורת לשון עברית ג","Informative text, Textbook","Poems, Meliza","לאחר השער המשותף לשלושת הכרכים, מופיע בעמ' [4-5] שיר מליצי פרי עטו של המחבר (ראו פירוט בהקדמת המחבר)."
"תיקון סופרים","Religious literature",
"תלמוד לשון עברי","Informative text, Textbook","Poems, Meliza","להוסיף - טקסט אינפורמטיבי
בראש הספר שיר מליצה המפאר את השפה העברית"
"תפלה - 1805","Religious literature, Liturgy, Prayers",,"תפילה פטריוטית."
"תפלה - 1806","Religious literature, Liturgy, Prayers",
"תפלה - תקסח","Religious literature, Liturgy, Prayers",
"תפלה - תקסט","Religious literature, Liturgy, Prayers",,"זו תפילה פטריוטית. בתחילת הטקסט כתוב:
""אחר תפלת שמונה עשרה ברכות אומרים התפלה הזאת בבה""כ"". משבח את המלך הגיבור."
"תפלה בעד אדונינו המלך","Religious literature, Liturgy, Prayers",
"תפלה בעד שלום המלך","Religious literature, Liturgy, Prayers",
"תפלה מכל השנה - תקמה","Religious literature, Liturgy",
"תשובת הרב הגאון","Epistolary literature, Polemics",,"תגובתו של שאול ברלין בעקבות הפולמוס שעורר ספרו מצפה יקתאל, וכן מכתב אביו הרב צבי הירש בעניין."
"תשועת ישראל בידי יהודית","Poems, Biblical epic poetry",
